Sofia,Gutierrez,Pontedeume,15,SofiaJGutierrez@spambob.com,7476627V,TRABAJADOR
Mark,Ellis,Gibraleón,21,MarkGEllis@dodgit.com,730804W,JEFE
Goldie,Nelson,Pedro Abad,14,GoldieRNelson@mailinator.com,3186045Q,TRABAJADOR
Mildred,Bernhard,Cella,44,MildredGBernhard@trashymail.com,7475599R,TRABAJADOR
Susan,Stine,Alcácer,46,SusanBStine@dodgit.com,9175667R,TRABAJADOR
Susan,Fox,Sacañet,12,SusanSFox@trashymail.com,3191137W,TRABAJADOR
Gloria,Smith,Ossa De Montiel,2,GloriaKSmith@mailinator.com,5588347Z,TRABAJADOR
Duane,Mills,Lanaja,22,DuaneLMills@trashymail.com,8970132V,JEFE
Anthony,Bessette,Cervelló,8,AnthonyLBessette@dodgit.com,3913165Z,JEFE
Socorro,Marrero,Sax,3,SocorroKMarrero@mailinator.com,6829808G,TRABAJADOR
Billy,Poole,Puente Genil,14,BillyBPoole@mailinator.com,4288874H,TRABAJADOR
Doris,Stewart,La Eliana,46,DorisAStewart@pookmail.com,7021664V,JEFE
Sidney,Mercado,Algaida,7,SidneyCMercado@mailinator.com,245710R,TRABAJADOR
Sylvester,Mcelroy,Cospeito,27,SylvesterTMcElroy@spambob.com,1259595T,TRABAJADOR
Terry,Morris,Ispaster,48,TerrySMorris@mailinator.com,7799344K,JEFE
Victor,Martino,Confrides,3,VictorSMartino@trashymail.com,4694085S,JEFE
Anita,White,Salmoral,37,AnitaBWhite@trashymail.com,6794310H,JEFE
Crystal,Cinnamon,Valldemosa,7,CrystalBCinnamon@dodgit.com,8762219R,TRABAJADOR
Thomas,Mosier,La Gineta,2,ThomasJMosier@dodgit.com,5566829R,CLIENTE
Elsa,Calderon,Espinosa De Los Monteros,9,ElsaACalderon@pookmail.com,4143935W,JEFE
Cara,Drake,Nonaspe,50,CaraDDrake@mailinator.com,5108868Q,TRABAJADOR
Edward,Driscoll,Andosilla,31,EdwardFDriscoll@spambob.com,6945063Y,JEFE
Melva,Miller,Peralejos De Arriba,37,MelvaIMiller@dodgit.com,8523365W,TRABAJADOR
Eula,Christensen,Alameda,29,EulaPChristensen@trashymail.com,8393785G,TRABAJADOR
Gail,Wick,Castro Del Río,14,GailCWick@spambob.com,8516417T,TRABAJADOR
Troy,Aiken,Ludiente,12,TroyJAiken@dodgit.com,5268409Y,TRABAJADOR
Michael,Daniels,Aldeacipreste,37,MichaelTDaniels@pookmail.com,3399008E,TRABAJADOR
Kent,Moore,Onil,3,KentKMoore@mailinator.com,1982737E,CLIENTE
Amado,Cornell,Torvizcón,18,AmadoBCornell@pookmail.com,4278133H,TRABAJADOR
Herman,Crowe,Villanueva Mesía,18,HermanLCrowe@dodgit.com,7996981L,CLIENTE
Jason,Alexander,Palau De Plegamans,8,JasonVAlexander@mailinator.com,6039754T,TRABAJADOR
Jeremiah,Gilbert,Deifontes,18,JeremiahLGilbert@pookmail.com,5557413S,CLIENTE
Gregory,Donnell,Cullera,46,GregoryNODonnell@mailinator.com,8089102W,JEFE
Jack,Best,Villatorres,23,JackKBest@pookmail.com,2642320B,TRABAJADOR
Darrell,Warner,Cervera Del Maestre,12,DarrellSWarner@pookmail.com,9832689M,TRABAJADOR
Laura,Mckinney,Oroso,15,LauraJMcKinney@dodgit.com,6750796C,TRABAJADOR
Elsie,Hudnall,Alhama De Aragón,50,ElsieJHudnall@spambob.com,4332521B,TRABAJADOR
Wanda,Ellender,Camprovín,26,WandaJEllender@dodgit.com,154422T,TRABAJADOR
Anna,Starks,Villanueva Del Ariscal,41,AnnaCStarks@dodgit.com,5169434T,TRABAJADOR
Elwood,Steinberg,Zaragoza,50,ElwoodGSteinberg@dodgit.com,5731183C,CLIENTE
Kevin,Moore,Torralba Del Pinar,12,KevinDMoore@trashymail.com,4489380X,JEFE
Timothy,Hawkins,Lanestosa,48,TimothyNHawkins@trashymail.com,4373930C,JEFE
Sandra,Crumpler,Móstoles,28,SandraRCrumpler@trashymail.com,5660838D,TRABAJADOR
Nicole,Thornton,Touro,15,NicoleTThornton@dodgit.com,1713020A,CLIENTE
Javier,Hull,Villalpando,49,JavierLHull@mailinator.com,4996990X,JEFE
Christopher,Coyer,Gomesende,32,ChristopherCCoyer@spambob.com,825606K,TRABAJADOR
Terrance,Offutt,Leiro,32,TerranceDOffutt@trashymail.com,261995W,TRABAJADOR
Susan,Blais,Pedro Bernardo,5,SusanLBlais@pookmail.com,3831462F,TRABAJADOR
Heidi,Little,Vélez Málaga,29,HeidiFLittle@trashymail.com,2396114C,TRABAJADOR
Nancy,Stonebraker,Las Pedroñeras,16,NancyJStonebraker@spambob.com,8107365A,TRABAJADOR
Guadalupe,Bailey,Azpeitia,20,GuadalupeNBailey@spambob.com,4899179H,TRABAJADOR
Robert,Williams,Bellvei,43,RobertSWilliams@dodgit.com,242413Q,TRABAJADOR
Saundra,Stewart,Chagarcía Medianero,37,SaundraEStewart@trashymail.com,3167714Q,TRABAJADOR
William,Hopes,Niguelas,18,WilliamSHopes@spambob.com,4128278P,JEFE
Cynthia,Rivera,Garcihernández,37,CynthiaMRivera@mailinator.com,1063337R,CLIENTE
Thomas,Pinto,Nava De Arévalo,5,ThomasLPinto@mailinator.com,2717981W,TRABAJADOR
Paulina,Whitaker,Pozuelo Del Rey,28,PaulinaAWhitaker@spambob.com,6028814P,TRABAJADOR
Pedro,Ashley,Castroverde,27,PedroLAshley@dodgit.com,2770310Y,TRABAJADOR
Norman,Mcquade,Matute,26,NormanLMcQuade@mailinator.com,9226243T,TRABAJADOR
Richard,Wright,Matute,26,RichardEWright@trashymail.com,4274026M,TRABAJADOR
Richard,Benjamin,Igualada,8,RichardMBenjamin@pookmail.com,3412979D,TRABAJADOR
Corinne,Yang,Villamayor,37,CorinneJYang@mailinator.com,1442062P,JEFE
Ronald,Krauss,Vic,8,RonaldDKrauss@mailinator.com,4485307P,TRABAJADOR
Alfred,Saunders,Valdehijaderos,37,AlfredHSaunders@pookmail.com,9043165W,TRABAJADOR
Susan,Comeaux,Cheste,46,SusanSComeaux@trashymail.com,2466982W,TRABAJADOR
Jeffrey,Bryant,Meliana,46,JeffreyKBryant@pookmail.com,1881241W,TRABAJADOR
Jonna,Jones,Villada,34,JonnaTJones@pookmail.com,3947164L,JEFE
Agnes,Jordan,Silla,46,AgnesJJordan@mailinator.com,7224679B,TRABAJADOR
Jonathan,Mcbride,Ciudad Rodrigo,37,JonathanNMcBride@trashymail.com,783877Z,JEFE
David,Shook,Huétor Vega,18,DavidTShook@spambob.com,4434033R,JEFE
Amber,Schall,Mallén,50,AmberJSchall@pookmail.com,4816851F,TRABAJADOR
Brooke,John,La Orotava,38,BrookeRJohn@mailinator.com,7689817C,TRABAJADOR
Doreen,Lee,Ribeira De Piquín,27,DoreenMLee@spambob.com,1834137W,JEFE
Ruth,Warren,Campo De Criptana,13,RuthTWarren@spambob.com,8689933G,TRABAJADOR
Marjorie,Wetzel,Olza,31,MarjorieAWetzel@pookmail.com,3999605C,TRABAJADOR
Ralph,Sullivan,Peromingo,37,RalphKSullivan@trashymail.com,5193528J,TRABAJADOR
Virginia,Colon,Avión,32,VirginiaSColon@mailinator.com,1126322N,TRABAJADOR
Diane,Siegel,Ondarroa,48,DianeDSiegel@trashymail.com,9628554H,TRABAJADOR
Carlos,Brigance,Altzaga,20,CarlosPBrigance@mailinator.com,2388698X,TRABAJADOR
Robert,Cropper,Baena,14,RobertDCropper@trashymail.com,441060N,CLIENTE
Lyle,Bloodworth,Ondara,3,LyleJBloodworth@dodgit.com,4437160T,TRABAJADOR
Grace,Jack,Rollán,37,GraceSJack@spambob.com,9548951H,TRABAJADOR
Peter,Hartt,Tarazona De La Mancha,2,PeterJHartt@mailinator.com,2494899C,CLIENTE
Michael,Adams,Cospeito,27,MichaelDAdams@spambob.com,2446630M,TRABAJADOR
Joe,Mcdonough,Ventosa,26,JoeAMcDonough@mailinator.com,9178497W,TRABAJADOR
Kimberly,Price,Alcaucín,29,KimberlyGPrice@pookmail.com,9050476E,TRABAJADOR
Sarah,Bronk,Aizarnazabal,20,SarahABronk@spambob.com,6652130R,CLIENTE
Rodney,Smith,Alquife,18,RodneyPSmith@trashymail.com,6196974S,TRABAJADOR
Randy,Robinson,Anaya De Alba,37,RandyDRobinson@dodgit.com,97331H,TRABAJADOR
Christopher,Hill,Meira,27,ChristopherIHill@mailinator.com,8755965A,TRABAJADOR
Jessie,Crawford,Cabezarados,13,JessieJCrawford@dodgit.com,8365689Z,JEFE
Rose,Tong,Santomera,30,RoseMTong@spambob.com,9316680R,TRABAJADOR
Betty,Seeley,Pampaneira,18,BettyASeeley@trashymail.com,7864130Q,TRABAJADOR
Julia,Seabolt,Gascones,28,JuliaJSeabolt@spambob.com,4220589C,JEFE
Gene,Sundberg,Reocín,39,GeneMSundberg@dodgit.com,8336003K,TRABAJADOR
Cody,Solomon,Medio Cudeyo,39,CodyPSolomon@mailinator.com,4399413L,TRABAJADOR
Mark,Key,Huelma,23,MarkCKey@trashymail.com,3353120L,TRABAJADOR
Charles,Sanders,Morata De Tajuña,28,CharlesMSanders@trashymail.com,1088507D,JEFE
Melvin,Salazar,Híjar,44,MelvinPSalazar@mailinator.com,4861079Y,TRABAJADOR
Alicia,Baker,Villanueva De San Carlos,13,AliciaTBaker@trashymail.com,9294227L,TRABAJADOR
Susan,Muniz,San Martín De Valdeiglesias,28,SusanRMuniz@pookmail.com,9740630S,TRABAJADOR
Jose,Stork,Ayllón,40,JoseTStork@mailinator.com,4596263N,TRABAJADOR
Sarah,Rayford,Jumilla,30,SarahWRayford@spambob.com,8118719H,TRABAJADOR
Joan,Labrie,Florida De Liébana,37,JoanELabrie@trashymail.com,640753L,CLIENTE
Rosa,Loudermilk,Adra,4,RosaMLoudermilk@mailinator.com,8573477C,TRABAJADOR
Mark,Bolds,La Garriga,8,MarkLBolds@spambob.com,5821506E,TRABAJADOR
Michael,Head,Gernika Lumo,48,MichaelEHead@dodgit.com,1578370H,TRABAJADOR
Meagan,Wilson,Padrón,15,MeaganDWilson@pookmail.com,5860464H,TRABAJADOR
Sara,Crump,Rincón De La Victoria,29,SaraRCrump@spambob.com,7291766F,TRABAJADOR
Todd,Olinger,Cortes Ya Graena,18,ToddLOlinger@dodgit.com,5500043F,TRABAJADOR
Mary,Yanez,El Castillo De Las Guardas,41,MaryJYanez@pookmail.com,858341G,TRABAJADOR
Lorenzo,Bass,Villamanrique De Tajo,28,LorenzoJBass@trashymail.com,3351069S,TRABAJADOR
Young,Flowers,Roses,17,YoungDFlowers@mailinator.com,3121033W,JEFE
Patricia,Clyburn,Hermigua,38,PatriciaRClyburn@pookmail.com,7382965B,TRABAJADOR
Andrea,Bess,Santorcaz,28,AndreaCBess@trashymail.com,3022857J,TRABAJADOR
Betty,Cruz,Orcoyen,31,BettyNCruz@mailinator.com,885421J,TRABAJADOR
Kacey,Ottman,Vinuesa,42,KaceyCOttman@spambob.com,6794840L,TRABAJADOR
Camille,Hart,Hinojosa De Duero,37,CamilleDHart@trashymail.com,5669620M,TRABAJADOR
Amy,Jones,Aljaraque,21,AmyBJones@dodgit.com,4328797J,TRABAJADOR
Mary,Gerber,Huesca,22,MaryMGerber@dodgit.com,6103930Y,TRABAJADOR
Angela,Ray,Celanova,32,AngelaCRay@trashymail.com,3661497N,TRABAJADOR
Floyd,Johnson,Morelábor,18,FloydKJohnson@trashymail.com,6535745L,TRABAJADOR
David,Barra,Sant Celoni,8,DavidVBarra@pookmail.com,7995037F,CLIENTE
Frances,Bruce,Galilea,26,FrancesJBruce@trashymail.com,3272068L,TRABAJADOR
Ronald,Vigil,Albarracín,44,RonaldHVigil@mailinator.com,3558490E,TRABAJADOR
Charles,Cromwell,Santoña,39,CharlesMCromwell@mailinator.com,4582434Y,CLIENTE
Jaime,Adame,Fuentesaúco,49,JaimeDAdame@trashymail.com,7325858J,TRABAJADOR
Shelby,Martin,Carbajosa De La Sagrada,37,ShelbyMMartin@pookmail.com,2490110S,TRABAJADOR
Dan,Carter,Santa Cruz De Los Cáñamos,13,DanMCarter@pookmail.com,9648236N,JEFE
Robert,Key,Torre Pacheco,30,RobertCKey@mailinator.com,741422V,TRABAJADOR
Carlene,Chavez,Lodosa,31,CarleneJChavez@trashymail.com,6097807R,TRABAJADOR
Leroy,Greenblatt,Monturque,14,LeroyAGreenblatt@dodgit.com,646510A,CLIENTE
George,Holloway,Navarrete,26,GeorgeMHolloway@trashymail.com,3864350M,TRABAJADOR
Shane,Barnette,Alhama De Aragón,50,ShaneGBarnette@mailinator.com,4466725X,JEFE
Jennifer,Falbo,Herguijuela De Ciudad Rodrigo,37,JenniferRFalbo@dodgit.com,6752169J,TRABAJADOR
Sherry,Goff,Millena,3,SherryEGoff@spambob.com,9884114W,CLIENTE
Teresa,Chasse,Boborás,32,TeresaLChasse@mailinator.com,7781627Z,CLIENTE
Numbers,Black,Zestoa,20,NumbersRBlack@mailinator.com,8783669S,TRABAJADOR
Kathleen,Ouellette,Nava De Francia,37,KathleenJOuellette@spambob.com,2010239Q,TRABAJADOR
Geraldine,Graham,Igualada,8,GeraldineDGraham@spambob.com,6771764N,JEFE
William,Allison,Beniel,30,WilliamMAllison@pookmail.com,9463172Y,TRABAJADOR
Bob,Hancock,La Gineta,2,BobPHancock@trashymail.com,1167734R,TRABAJADOR
Kerstin,Haley,Illescas,45,KerstinAHaley@trashymail.com,1713117P,TRABAJADOR
Penny,Smith,Arantzazu,48,PennyJSmith@mailinator.com,5153601Z,TRABAJADOR
Daniel,Burns,Daroca,50,DanielMBurns@mailinator.com,3248729W,JEFE
Spencer,Mcaee,Itrabo,18,SpencerDMcGee@dodgit.com,2634454B,TRABAJADOR
Candace,Johnson,Pesoz,33,CandaceWJohnson@pookmail.com,2596386P,TRABAJADOR
William,Valentine,Segorbe,12,WilliamJValentine@dodgit.com,749311V,CLIENTE
Mari,Graham,Crevillente,3,MariRGraham@mailinator.com,6346876A,TRABAJADOR
Carol,Dodds,Gautegiz Arteaga,48,CarolDDodds@mailinator.com,2503479K,TRABAJADOR
John,Thorpe,Benasau,3,JohnCThorpe@mailinator.com,1685640Q,TRABAJADOR
Geoffrey,Sprinkle,Beariz,32,GeoffreyGSprinkle@dodgit.com,8280484R,TRABAJADOR
Diane,Rodriguez,Valle Del Zalabí,18,DianeJRodriguez@dodgit.com,8146655D,TRABAJADOR
Pamela,Peterson,Luceni,50,PamelaDPeterson@trashymail.com,4431188P,TRABAJADOR
Mae,Goodrich,Villar De Torre,26,MaeWGoodrich@mailinator.com,1675563J,TRABAJADOR
Hillary,Means,Comares,29,HillaryOMeans@mailinator.com,4801350P,JEFE
David,Garcia,Cogollos De Guadix,18,DavidAGarcia@spambob.com,4980178B,JEFE
Carmen,Sibley,Úbeda,23,CarmenASibley@trashymail.com,9557767W,JEFE
Robert,Butler,San Muñoz,37,RobertEButler@trashymail.com,3393889D,TRABAJADOR
John,Stafford,Córdoba,14,JohnSStafford@spambob.com,3834199F,JEFE
Lillie,Faulkner,Fresno Alhándiga,37,LillieAFaulkner@spambob.com,6622620T,JEFE
Carol,Yetter,Alboraya,46,CarolEYetter@pookmail.com,8105741N,TRABAJADOR
Mildred,Smith,Buñuel,31,MildredMSmith@pookmail.com,5301311H,TRABAJADOR
Anita,Landreth,Rentería,20,AnitaTLandreth@pookmail.com,8093203D,JEFE
William,Harris,Tijarafe,38,WilliamRHarris@spambob.com,5911417A,TRABAJADOR
Betty,Jones,Rincón De La Victoria,29,BettyPJones@pookmail.com,7713520X,TRABAJADOR
Alex,Dunn,Doñinos De Ledesma,37,AlexADunn@pookmail.com,9247976K,JEFE
Jack,Johnson,Rodeiro,36,JackJJohnson@spambob.com,6433236K,TRABAJADOR
Anthony,Kersh,San Pedro De Rozados,37,AnthonyVKersh@dodgit.com,6255754F,JEFE
Bill,Webb,Pinos Genil,18,BillLWebb@spambob.com,1484563M,TRABAJADOR
Jason,Spain,Calatayud,50,JasonASpain@dodgit.com,3880253S,TRABAJADOR
Lauren,Sosa,Escañuela,23,LaurenFSosa@mailinator.com,7180344C,JEFE
Steven,Mosley,Grañén,22,StevenAMosley@spambob.com,519692F,TRABAJADOR
Leonard,Bennett,Fuentes De Ebro,50,LeonardFBennett@mailinator.com,7340908K,TRABAJADOR
Clara,Hall,Encinasola De Los Comendadores,37,ClaraJHall@dodgit.com,5585634S,TRABAJADOR
Jill,Cantrell,Maguilas,30,JillJCantrell@dodgit.com,273799F,TRABAJADOR
Charles,Doherty,Villarrubia De Los Ojos,13,CharlesCDoherty@spambob.com,4721317S,CLIENTE
Sarah,Carlisle,Teguise,35,SarahSCarlisle@dodgit.com,4210089P,TRABAJADOR
Lyn,Soto,Alcalá La Real,23,LynCSoto@spambob.com,5790737G,TRABAJADOR
Gerald,Skinner,Simancas,47,GeraldPSkinner@mailinator.com,4669400D,TRABAJADOR
Lola,Shore,Tordesillas,47,LolaJShore@trashymail.com,4125762E,CLIENTE
Ryan,Johnson,Piloña,33,RyanCJohnson@spambob.com,6038600L,TRABAJADOR
Thomas,Blaine,Viso Del Marqués,13,ThomasMBlaine@spambob.com,6779737G,JEFE
Teresa,Greene,Lora De Estepa,41,TeresaHGreene@trashymail.com,9544734X,TRABAJADOR
Wendy,Delano,Ordes,15,WendyJDelano@mailinator.com,6911394D,TRABAJADOR
James,Ferrara,Yunquera,29,JamesNFerrara@spambob.com,1321841P,TRABAJADOR
Janet,Zhang,Rollán,37,JanetDZhang@trashymail.com,8225493A,TRABAJADOR
Annette,Harper,Lantarón,1,AnnetteTHarper@mailinator.com,1519070N,TRABAJADOR
Roger,Nixon,Pol,27,RogerJNixon@pookmail.com,1397844L,JEFE
Maria,Burris,Abengibre,2,MariaPBurris@spambob.com,1291653L,TRABAJADOR
Carin,Gordon,Viguera,26,CarinNGordon@pookmail.com,8888553L,TRABAJADOR
Bobby,Harris,Santa Eulalia De Oscos,33,BobbyAHarris@spambob.com,6686540A,TRABAJADOR
Richard,Jacobson,Rueda,47,RichardMJacobson@mailinator.com,9797047J,JEFE
Daren,Welch,Bélmez De La Moraleda,23,DarenGWelch@pookmail.com,4286372T,JEFE
Patricia,Shaw,Pollenca,7,PatriciaSShaw@pookmail.com,7585481N,JEFE
Timothy,Bateman,Benifallim,3,TimothyABateman@spambob.com,3275545T,TRABAJADOR
Marina,Goudeau,Bunyola,7,MarinaAGoudeau@trashymail.com,4400040W,TRABAJADOR
Berenice,Canton,Coslada,28,BereniceRCanton@pookmail.com,1845887E,CLIENTE
Curtis,Brantley,Arcos De Jalón,42,CurtisTBrantley@mailinator.com,5271570Q,CLIENTE
David,Brantley,Leza,1,DavidOBrantley@spambob.com,6540796X,TRABAJADOR
James,Anderson,Padrón,15,JamesDAnderson@spambob.com,8974953P,TRABAJADOR
Jeremy,Lewis,Montán,12,JeremyGLewis@pookmail.com,5528714C,TRABAJADOR
Lena,Dickson,Sanlúcar De Guadiana,21,LenaLDickson@mailinator.com,3294047X,TRABAJADOR
Johnnie,White,Sella,3,JohnnieMWhite@mailinator.com,4207930B,JEFE
Shirley,Lawson,Viver,12,ShirleyJLawson@trashymail.com,3704944N,JEFE
Edith,Brown,Callosa En Sarrià,3,EdithWBrown@mailinator.com,3680506T,TRABAJADOR
Lucy,Groleau,Navalpino,13,LucyHGroleau@dodgit.com,5812179X,TRABAJADOR
Luz,Greene,Zas,15,LuzJGreene@trashymail.com,9933884T,TRABAJADOR
Chadwick,Varney,Gimileo,26,ChadwickTVarney@mailinator.com,4758124E,TRABAJADOR
Richard,Cobb,Ortigueira,15,RichardDCobb@pookmail.com,8598274T,TRABAJADOR
Keith,Edwards,Irurtzun,31,KeithAEdwards@spambob.com,9843776Y,TRABAJADOR
Helen,Munson,Negrilla De Palencia,37,HelenWMunson@pookmail.com,9301744S,CLIENTE
Guy,Jackson,Paradela,27,GuyMJackson@dodgit.com,9881716L,TRABAJADOR
Blaine,Lytle,Bollullos Par Del Condado,21,BlaineKLytle@dodgit.com,8749147Q,TRABAJADOR
Xavier,Duff,Carranza,48,XavierADuff@dodgit.com,3419766B,TRABAJADOR
Teresa,Nelson,Torres,23,TeresaDNelson@mailinator.com,1048258X,TRABAJADOR
Joy,Paige,San José,7,JoyWPaige@dodgit.com,6200294T,TRABAJADOR
Cheryl,Perez,Reus,43,CherylWPerez@dodgit.com,363141V,TRABAJADOR
Katie,Poynter,Cáseda,31,KatieRPoynter@dodgit.com,223477D,JEFE
Ruth,Jones,Alanís,41,RuthMJones@trashymail.com,3266701B,TRABAJADOR
Grace,Lancaster,Salas De Los Infantes,9,GracePLancaster@mailinator.com,8027392R,TRABAJADOR
Patricia,Nault,Nieva De Cameros,26,PatriciaJNault@trashymail.com,2432840S,CLIENTE
Edward,Adams,Paterna Del Campo,21,EdwardJAdams@spambob.com,4712534H,JEFE
Christopher,Peters,Velilla De San Antonio,28,ChristopherMPeters@dodgit.com,7693052N,TRABAJADOR
Michelle,Miller,Guareña,6,MichelleLMiller@mailinator.com,8258863T,TRABAJADOR
Minnie,Rivera,Hermigua,38,MinnieDRivera@mailinator.com,2752039C,TRABAJADOR
Michael,Labrecque,Pétrola,2,MichaelTLabrecque@dodgit.com,8939388R,TRABAJADOR
Carolyn,Ward,Soportújar,18,CarolynWWard@pookmail.com,7608054E,TRABAJADOR
Tamika,Morgan,Vimbodí,43,TamikaWMorgan@dodgit.com,741581S,TRABAJADOR
Stephen,Bynum,Imanol Irixo,32,StephenGBynum@pookmail.com,138730V,JEFE
Willie,Demers,Moncofa,12,WillieSDemers@pookmail.com,7405345N,CLIENTE
Steven,Burbank,Guadix,18,StevenABurbank@spambob.com,6036297Q,TRABAJADOR
Joseph,Friend,Pradoluengo,9,JosephCFriend@trashymail.com,6628299K,TRABAJADOR
Jean,Madden,Manzanares De Rioja,26,JeanRMadden@pookmail.com,3054199Y,TRABAJADOR
Albert,Gottlieb,Ibai Pobra De Trives,32,AlbertEGottlieb@spambob.com,7287389T,TRABAJADOR
Jane,Tidwell,Tauste,50,JaneATidwell@dodgit.com,1390629A,JEFE
Joanne,Pledger,Antas De Ulla,27,JoanneDPledger@mailinator.com,2574882D,JEFE
Kathleen,Dugas,Beizama,20,KathleenJDugas@pookmail.com,2312582R,JEFE
Marcus,Conklin,El Toro,12,MarcusCConklin@dodgit.com,7410730S,TRABAJADOR
Annette,Chatman,Lozoya,28,AnnettePChatman@mailinator.com,6965713W,JEFE
Velma,Boucher,Somiedo,33,VelmaJBoucher@spambob.com,1330183R,TRABAJADOR
Burl,Hurt,Cantimpalos,40,BurlMHurt@spambob.com,203539N,TRABAJADOR
Joseph,Gustafson,San Ildefonso,40,JosephJGustafson@spambob.com,9490096C,TRABAJADOR
Elisha,Kaufmann,Lloret De Mar,17,ElishaMKaufmann@spambob.com,3970058M,TRABAJADOR
Amy,Johnson,Morón De La Frontera,41,AmyDJohnson@spambob.com,48023E,JEFE
Julia,Chang,Monforte De Lemos,27,JuliaFChang@trashymail.com,1784216Z,TRABAJADOR
Shayla,Nguyen,Rois,15,ShaylaBNguyen@spambob.com,249042K,TRABAJADOR
Cordie,Crocker,Tordoia,15,CordieDCrocker@pookmail.com,337446J,JEFE
Jane,Rankins,Aguilar De Campoo,34,JaneSRankins@mailinator.com,3799725X,TRABAJADOR
Shirley,Bias,Alba De Tormes,37,ShirleyLBias@mailinator.com,6881621K,TRABAJADOR
Paul,Clark,Betanzos,15,PaulNClark@mailinator.com,953183V,TRABAJADOR
Richard,Daniels,Casas De Ves,2,RichardSDaniels@mailinator.com,5742525T,TRABAJADOR
Rich,Rodriquez,Santa Eulalia Del Río,7,RichERodriquez@mailinator.com,8984714V,CLIENTE
Mildred,Bomberger,San Clemente,16,MildredABomberger@pookmail.com,508896K,TRABAJADOR
Ronald,Campagna,Alhama De Almería,4,RonaldDCampagna@spambob.com,6830153G,JEFE
Mary,Burks,Soria,42,MaryMBurks@pookmail.com,5032225D,JEFE
Billie,Frost,Encinasola De Los Comendadores,37,BillieJFrost@dodgit.com,3357842A,CLIENTE
Katherine,Barringer,Formentera Del Segura,3,KatherineKBarringer@dodgit.com,9208546J,TRABAJADOR
Barbara,Conner,Formentera Del Segura,3,BarbaraTConner@spambob.com,8489684Q,TRABAJADOR
George,Davis,Labastida,1,GeorgeRDavis@mailinator.com,5242324A,TRABAJADOR
Elinor,Ramsey,Sant Boi De Llobregat,8,ElinorMRamsey@pookmail.com,7576843E,CLIENTE
Bradley,Salinas,Villanueva Del Arzobispo,23,BradleyMSalinas@mailinator.com,5443551A,JEFE
Sara,Blansett,Lebrija,41,SaraABlansett@mailinator.com,7523374M,TRABAJADOR
Stephen,Booher,Catral,3,StephenHBooher@mailinator.com,4752182Z,TRABAJADOR
Craig,Ramsey,Pilas,41,CraigMRamsey@dodgit.com,1488591P,CLIENTE
Brenda,Febus,Galar,31,BrendaTFebus@trashymail.com,2263363W,JEFE
Amanda,Ring,La Aldea,43,AmandaRRing@trashymail.com,8935853P,JEFE
James,Donnelly,Casares,29,JamesLDonnelly@pookmail.com,1130801Y,JEFE
Luis,Foreman,Santiago Pontones,23,LuisAForeman@spambob.com,7089506D,TRABAJADOR
Jesse,Ryan,Alcover,43,JesseBRyan@pookmail.com,8836530E,JEFE
David,Brown,Benahadux,4,DavidBBrown@dodgit.com,6778944Q,TRABAJADOR
Valerie,Lawson,Cabranes,33,ValerieJLawson@pookmail.com,5646803G,JEFE
Thomas,Black,Tegueste,38,ThomasIBlack@pookmail.com,7848410M,JEFE
Jerry,Bowen,Torralba De Calatrava,13,JerryFBowen@dodgit.com,913829Q,TRABAJADOR
Wendy,Alford,Hinojosa De Duero,37,WendyMAlford@mailinator.com,7887038Q,TRABAJADOR
Carol,White,Baltar,32,CarolPWhite@pookmail.com,1919442T,JEFE
Helen,Barfield,Puebla De Yeltes,37,HelenEBarfield@trashymail.com,3879554Y,TRABAJADOR
Ralph,Dixon,Palamós,17,RalphJDixon@trashymail.com,4052786W,CLIENTE
James,Mendez,Trebujena,11,JamesCMendez@trashymail.com,8530204X,TRABAJADOR
Sara,Clark,Vilassar De Mar,8,SaraJClark@pookmail.com,6470493H,JEFE
Roger,Kunkel,Cartagena,30,RogerSKunkel@spambob.com,4929279B,CLIENTE
Donald,Steffan,Talayuela,10,DonaldHSteffan@spambob.com,2173701V,JEFE
Clifford,Fisher,Pozo Alcón,23,CliffordHFisher@pookmail.com,5082348S,JEFE
Clara,Pepper,Ronda,29,ClaraMPepper@trashymail.com,8105399S,JEFE
Andrew,Smith,Loiu,48,AndrewDSmith@dodgit.com,6314624C,TRABAJADOR
John,Gallagher,El Real De La Jara,41,JohnSGallagher@dodgit.com,8727628W,TRABAJADOR
Kristen,Sandstrom,Oñati,20,KristenWSandstrom@dodgit.com,8850646Q,TRABAJADOR
Kenneth,Swain,Pesoz,33,KennethESwain@spambob.com,7316743Y,JEFE
Albina,Hartzell,Santa Fe,18,AlbinaFHartzell@trashymail.com,6747827H,JEFE
Clare,Hughes,Titulcia,28,ClareAHughes@dodgit.com,6243382D,TRABAJADOR
Rosa,Curtis,Pinos Puente,18,RosaACurtis@trashymail.com,9707263K,TRABAJADOR
Eleanor,Green,Torrejón De Velasco,28,EleanorRGreen@spambob.com,6971363V,TRABAJADOR
Louise,Crowley,Lebrija,41,LouiseJCrowley@trashymail.com,9515211L,JEFE
Maureen,Lantz,Sotillo De La Adrada,5,MaureenDLantz@trashymail.com,1596577D,JEFE
Evelyn,Fogel,Antzuola,20,EvelynMFogel@trashymail.com,4948206D,TRABAJADOR
Robert,Ward,Yécora,1,RobertNWard@pookmail.com,2885812W,CLIENTE
Kenneth,Raffaele,Palencia De Negrilla,37,KennethKRaffaele@spambob.com,9241914P,JEFE
Tina,Palmer,Villaralbo,49,TinaAPalmer@spambob.com,2804426J,TRABAJADOR
Martha,Hill,Villagonzalo De Tormes,37,MarthaJHill@pookmail.com,5387237Q,TRABAJADOR
Michael,Rivas,Sant Sadurní Anoia,8,MichaelMRivas@spambob.com,6512779F,TRABAJADOR
Jesse,Jones,Mayorga,47,JesseTJones@mailinator.com,6747684J,JEFE
Martha,Gray,Gautegiz Arteaga,48,MarthaEGray@pookmail.com,6407022G,JEFE
Leon,Hensley,Barrundia,1,LeonMHensley@dodgit.com,9319561F,TRABAJADOR
Virginia,Saltz,Villar Del Pozo,13,VirginiaPSaltz@mailinator.com,7051447S,CLIENTE
Richard,Davies,Palenciana,14,RichardTDavies@mailinator.com,1788080Z,TRABAJADOR
John,Flores,Aranda De Duero,9,JohnJFlores@trashymail.com,8314338E,CLIENTE
Karen,Bohler,Iurreta,48,KarenRBohler@dodgit.com,6666410K,TRABAJADOR
Melina,Mitchell,Cordovín,26,MelinaJMitchell@spambob.com,1161058H,JEFE
Venita,Ferguson,Villaverde De Guareña,37,VenitaMFerguson@pookmail.com,5862983F,JEFE
Theresa,Massey,Peñamellera Baja,33,TheresaJMassey@trashymail.com,8785256S,JEFE
Jacob,Wilson,Villanueva De San Carlos,13,JacobSWilson@dodgit.com,5719969F,TRABAJADOR
Roberto,Ramey,Pontedeva,32,RobertoSRamey@trashymail.com,145363A,TRABAJADOR
Michael,Daniels,Cepeda,37,MichaelNDaniels@trashymail.com,9408127T,TRABAJADOR
Eugene,Johnson,La Aldea,43,EugeneVJohnson@spambob.com,3303513T,TRABAJADOR
Louis,Hawkins,Añover De Tormes,37,LouisBHawkins@mailinator.com,8928151B,TRABAJADOR
Edward,Becker,Tírig,12,EdwardSBecker@spambob.com,9240417Y,TRABAJADOR
Jeanna,Lugo,La Gineta,2,JeannaCLugo@dodgit.com,574083A,JEFE
Scott,Reidy,Burguillos,41,ScottMReidy@mailinator.com,3829393P,TRABAJADOR
Vickie,Fetty,Tejeda,35,VickieCFetty@mailinator.com,1904302V,TRABAJADOR
Brian,Kelly,Ramirás,32,BrianIKelly@mailinator.com,979496H,TRABAJADOR
Juana,Beus,Navas De Oro,40,JuanaGBeus@pookmail.com,1459128P,TRABAJADOR
Sharon,Beardsley,Vilamartín De Valdeorras,32,SharonRBeardsley@spambob.com,2248744B,JEFE
Maria,Sears,Torresmenudas,37,MariaWSears@dodgit.com,2244836J,JEFE
Miriam,Barry,Puerto Seguro,37,MiriamWBarry@pookmail.com,9812263A,TRABAJADOR
John,Hughes,Cañada,3,JohnAHughes@mailinator.com,388100K,JEFE
Barbara,Noble,Villa De Mazo,38,BarbaraCNoble@trashymail.com,6017058M,TRABAJADOR
Carrie,Wilson,Bergasa,26,CarrieDWilson@dodgit.com,9130021X,JEFE
Harold,Baynes,Funes,31,HaroldTBaynes@trashymail.com,6635557B,JEFE
Jason,Vines,Pozuelo Del Rey,28,JasonMVines@pookmail.com,6335821B,TRABAJADOR
Margaret,Moore,Alberite,26,MargaretJMoore@dodgit.com,1896775B,TRABAJADOR
Joan,Wade,Huesa,23,JoanFWade@pookmail.com,9292248H,JEFE
Diane,House,Fustiñana,31,DianeJHouse@spambob.com,5505082D,TRABAJADOR
Elizabeth,Hartmann,Soneja,12,ElizabethBHartmann@dodgit.com,8153395X,TRABAJADOR
Thelma,Martinez,Bonete,2,ThelmaMMartinez@trashymail.com,44881P,CLIENTE
Patricia,Gridley,Fuente El Saz De Jarama,28,PatriciaDGridley@trashymail.com,4188336J,TRABAJADOR
Frankie,Varner,Cabezón De Pisuerga,47,FrankieJVarner@trashymail.com,3122266Q,TRABAJADOR
Bryan,Snow,Roses,17,BryanYSnow@dodgit.com,9615550D,TRABAJADOR
Curt,Galvan,La Fregeneda,37,CurtTGalvan@mailinator.com,4787880Q,TRABAJADOR
Wade,Earl,Mallén,50,WadeJEarl@trashymail.com,9524408Q,TRABAJADOR
Emerson,Lacour,San Esteban De La Sierra,37,EmersonALacour@pookmail.com,8734013Q,TRABAJADOR
John,Brown,El Viso Del Alcor,41,JohnNBrown@mailinator.com,7521038S,TRABAJADOR
Bertram,Graf,Frailes,23,BertramDGraf@trashymail.com,1412496C,TRABAJADOR
Mark,Kim,Coria,10,MarkKKim@trashymail.com,9212924K,JEFE
Michelle,Gobeil,Alcover,43,MichelleJGobeil@spambob.com,9138553D,JEFE
William,Mcmillan,Aldeacipreste,37,WilliamCMcMillan@dodgit.com,9576054G,JEFE
Faye,James,Moral De Calatrava,13,FayeRJames@spambob.com,3929044T,TRABAJADOR
Daniel,Jones,Brazatortas,13,DanielJJones@trashymail.com,5436061B,TRABAJADOR
Phillip,Hall,Uruñuela,26,PhillipDHall@trashymail.com,4457723R,TRABAJADOR
Katherine,Walker,Uruñuela,26,KatherineBWalker@mailinator.com,2120788G,TRABAJADOR
Larry,Kaneshiro,Cabeza Del Buey,6,LarryLKaneshiro@spambob.com,6118031P,TRABAJADOR
Rosalind,Faulkner,Zorraquín,26,RosalindAFaulkner@mailinator.com,3673085P,TRABAJADOR
Stanley,Vargas,Cervera De Buitrago,28,StanleySVargas@mailinator.com,3883353X,TRABAJADOR
Stephen,Hay,Herce,26,StephenFHay@trashymail.com,8533661V,TRABAJADOR
Courtney,Kendrick,Baztan,31,CourtneyRKendrick@trashymail.com,4341872R,TRABAJADOR
William,Metz,Navia,33,WilliamMMetz@pookmail.com,7123809L,TRABAJADOR
Neta,Baker,Torralba De Calatrava,13,NetaDBaker@pookmail.com,346893F,TRABAJADOR
James,Davis,Gabiria,20,JamesSDavis@dodgit.com,9520036Z,TRABAJADOR
Priscilla,Tirado,Endrinal,37,PriscillaPTirado@spambob.com,7358840J,TRABAJADOR
Ann,Aleman,Banyeres De Mariola,3,AnnHAleman@dodgit.com,1352640X,TRABAJADOR
Marilyn,Damron,Llíber,3,MarilynNDamron@mailinator.com,1559025Q,TRABAJADOR
Melody,Hill,Elgoibar,20,MelodyBHill@pookmail.com,7011694Y,CLIENTE
Heather,Cooper,Paterna Del Campo,21,HeatherFCooper@trashymail.com,6590413Q,TRABAJADOR
Tyrell,Mcclendon,Luceni,50,TyrellCMcclendon@mailinator.com,4675781L,TRABAJADOR
Martha,Bailey,Dolores,3,MarthaABailey@mailinator.com,1092140P,TRABAJADOR
Linda,Mcdaniel,Villanueva Del Pardillo,28,LindaRMcDaniel@dodgit.com,5056691A,TRABAJADOR
Kerry,Christiansen,Cuzcurrita De Río Tirón,26,KerryJChristiansen@dodgit.com,9512805M,TRABAJADOR
Katrina,Thomas,Serranillos Del Valle,28,KatrinaBThomas@trashymail.com,4924662V,TRABAJADOR
Peggy,Johnson,Los Corrales,41,PeggyRJohnson@mailinator.com,7672872A,TRABAJADOR
Mark,Williams,Abadiño,48,MarkGWilliams@pookmail.com,3507690Y,TRABAJADOR
Silas,Hadden,Hondón De Los Frailes,3,SilasMHadden@mailinator.com,1716416H,JEFE
Jean,Burris,Cástaras,18,JeanRBurris@trashymail.com,8449335D,TRABAJADOR
William,David,Forcall,12,WilliamHDavid@dodgit.com,3736683B,TRABAJADOR
Mark,Young,La Cabrera,28,MarkMYoung@spambob.com,1980698F,TRABAJADOR
James,Collins,Écija,41,JamesHCollins@trashymail.com,3604564G,TRABAJADOR
Lani,Cowart,Cualedro,32,LaniJCowart@mailinator.com,5281096C,TRABAJADOR
William,Driscoll,Rabanera,26,WilliamSDriscoll@pookmail.com,2675282Z,JEFE
Marie,Fouche,Aller,33,MarieSFouche@mailinator.com,403445W,TRABAJADOR
Sue,Romero,Portillo,47,SueMRomero@mailinator.com,8953030G,TRABAJADOR
Dionne,Robert,Lecrín,18,DionneJRobert@pookmail.com,3916959J,TRABAJADOR
Edward,Doll,Benahavís,29,EdwardJDoll@pookmail.com,6044381G,TRABAJADOR
Dorothy,Taylor,Navarredonda,28,DorothyTTaylor@dodgit.com,2419606Y,TRABAJADOR
Alvin,Rodriguez,Maracena,18,AlvinHRodriguez@trashymail.com,6241112Q,TRABAJADOR
Jose,Rasmussen,Jaraíz De La Vera,10,JoseRRasmussen@dodgit.com,8278679J,JEFE
Mark,Richardson,Brunete,28,MarkKRichardson@mailinator.com,8603364F,TRABAJADOR
Michael,Zuniga,Cordovín,26,MichaelSZuniga@mailinator.com,8824180T,TRABAJADOR
Joan,Bingaman,Boada,37,JoanMBingaman@mailinator.com,8151510B,TRABAJADOR
Kristi,Gonzalez,Reinosa,39,KristiFGonzalez@mailinator.com,5467295B,TRABAJADOR
Connie,Rich,Dólar,18,ConnieTRich@mailinator.com,6074671A,JEFE
Bruce,Robinson,Puebla De Sanabria,49,BruceVRobinson@pookmail.com,6314834T,JEFE
Tony,Brown,Miranda De Ebro,9,TonyRBrown@trashymail.com,1943281B,TRABAJADOR
Stanley,Reynolds,Tormantos,26,StanleyDReynolds@trashymail.com,691559H,TRABAJADOR
Walter,Williams,Aznalcóllar,41,WalterKWilliams@dodgit.com,2715502F,TRABAJADOR
Francisco,Riggs,Foios,46,FranciscoMRiggs@spambob.com,4321605C,TRABAJADOR
Arnold,Myles,Trigueros,21,ArnoldCMyles@pookmail.com,7427797Q,JEFE
Barry,Moniz,Ribas De Sil,27,BarryLMoniz@mailinator.com,8542931H,TRABAJADOR
Joe,Burney,Bubión,18,JoeKBurney@spambob.com,408994P,TRABAJADOR
Travis,Tincher,Turre,4,TravisKTincher@trashymail.com,3246661G,TRABAJADOR
Eddie,Wisniewski,Sant Adrià De Besòs,8,EddieBWisniewski@mailinator.com,9136811S,JEFE
Richard,Jordan,Fuente Palmera,14,RichardLJordan@trashymail.com,6863201R,TRABAJADOR
Michael,Tucker,Olmedo De Camaces,37,MichaelATucker@mailinator.com,6819705K,CLIENTE
Mark,Perkins,Mondariz,36,MarkPPerkins@pookmail.com,1580879C,TRABAJADOR
James,Bridges,Villada,34,JamesCBridges@trashymail.com,277421H,TRABAJADOR
Ruby,Domenech,Sierra Engarcerán,12,RubyRDomenech@pookmail.com,3360574K,CLIENTE
Jose,Jacobson,Nuevo Baztán,28,JoseMJacobson@spambob.com,8848724A,TRABAJADOR
Richard,Hernandez,Babilafuente,37,RichardGHernandez@dodgit.com,4001127R,TRABAJADOR
Shelby,Amaya,Fortuna,30,ShelbyJAmaya@mailinator.com,4068918B,TRABAJADOR
Rosie,Jeffery,Valdemaqueda,28,RosiePJeffery@pookmail.com,5883971L,TRABAJADOR
Hannah,Parham,Sopuerta,48,HannahDParham@trashymail.com,4130419X,JEFE
Nancy,Johnson,Zamayón,37,NancyMJohnson@dodgit.com,2768759L,JEFE
Lucille,Hunt,Nonaspe,50,LucilleMHunt@pookmail.com,1770445C,TRABAJADOR
Barbara,Huey,Illescas,45,BarbaraNHuey@spambob.com,2762900W,TRABAJADOR
Alexander,Suzuki,Cuevas Del Becerro,29,AlexanderISuzuki@mailinator.com,579705J,JEFE
Harold,Denison,Muro En Cameros,26,HaroldJDenison@trashymail.com,4018494A,TRABAJADOR
Joseph,Gray,Villaquilambre,24,JosephMGray@dodgit.com,6006398V,JEFE
Mickey,Hale,Ojós,30,MickeyCHale@mailinator.com,4526795G,TRABAJADOR
Brian,Greene,Cenes De La Vega,18,BrianSGreene@dodgit.com,557531B,JEFE
Linda,Donovan,Solórzano,39,LindaODonovan@pookmail.com,2667895X,TRABAJADOR
Mary,Mason,San Rafael Del Río,12,MaryDMason@trashymail.com,2223311Q,TRABAJADOR
Eva,Vanwagenen,Villafranca De Córdoba,14,EvaCVanwagenen@spambob.com,5053777X,JEFE
Wade,Adamo,Benifaió,46,WadeMAdamo@mailinator.com,7301148M,JEFE
Kerri,Kane,Montemayor Del Río,37,KerriPKane@dodgit.com,2157731D,CLIENTE
Sara,Duffy,Zurgena,4,SaraMDuffy@pookmail.com,5270126K,JEFE
Laura,Shaw,Gelves,41,LauraLShaw@pookmail.com,6505222V,TRABAJADOR
Edith,Bower,Fonzaleche,26,EdithJBower@trashymail.com,146306A,TRABAJADOR
Tawana,Perez,Catarroja,46,TawanaJPerez@dodgit.com,8158498F,TRABAJADOR
Curtis,Jackson,Villanueva Del Trabuco,29,CurtisHJackson@spambob.com,2733093A,JEFE
Claire,Dunn,Luque,14,ClaireJDunn@spambob.com,6709619J,TRABAJADOR
Joshua,Quinones,Cártama,29,JoshuaMQuinones@trashymail.com,4895543Q,JEFE
Natividad,Colon,Trasmiras,32,NatividadSColon@mailinator.com,4777888Y,TRABAJADOR
Jack,Rowe,Campotéjar,18,JackLRowe@trashymail.com,4691904L,TRABAJADOR
Allison,Boyer,Medio Cudeyo,39,AllisonNBoyer@dodgit.com,565478T,TRABAJADOR
Hipolito,Erickson,Ibai Pontenova,27,HipolitoMErickson@pookmail.com,4620694V,CLIENTE
Lorri,Holmes,Torrelodones,28,LorriGHolmes@spambob.com,393173B,TRABAJADOR
Tracey,Coney,Torrijos,45,TraceyJConey@mailinator.com,9274651Q,TRABAJADOR
Mary,Ontiveros,Algueña,3,MaryTOntiveros@trashymail.com,9159145Q,TRABAJADOR
Billy,Becker,Elorrio,48,BillyKBecker@spambob.com,3257042N,TRABAJADOR
Vickie,Bolton,Alcalà De Xivert,12,VickieRBolton@mailinator.com,6991383G,TRABAJADOR
Adele,Harris,Mombeltrán,5,AdeleFHarris@spambob.com,5485399Z,TRABAJADOR
Jerry,Ingram,San Andrés Del Rabanedo,24,JerryDIngram@mailinator.com,9830942Y,TRABAJADOR
Elaine,Gonzales,San Bartolomé De La Torre,21,ElaineJGonzales@trashymail.com,1825226S,TRABAJADOR
Jake,Perez,Berriz,48,JakeRPerez@trashymail.com,4555509Z,TRABAJADOR
Chris,Moore,Sarrión,44,ChrisIMoore@dodgit.com,7509480A,JEFE
Cynthia,Allison,Beneixama,3,CynthiaIAllison@pookmail.com,9018202V,TRABAJADOR
Richard,Russell,Santa Lucía De Tirajana,35,RichardSRussell@trashymail.com,5026742T,TRABAJADOR
Joan,Montgomery,Zestoa,20,JoanMMontgomery@dodgit.com,271443C,TRABAJADOR
Joseph,Blackwell,Macael,4,JosephMBlackwell@pookmail.com,3083327Q,TRABAJADOR
Scott,Fuentes,Munilla,26,ScottSFuentes@trashymail.com,6188503P,JEFE
Aida,Seman,Fruiz,48,AidaMSeman@mailinator.com,6277052F,TRABAJADOR
Tammy,Carter,Benavente,49,TammyMCarter@pookmail.com,8859885D,JEFE
Bertha,Sciortino,Ausejo,26,BerthaCSciortino@mailinator.com,5301366G,JEFE
Elizabeth,Loehr,Don Benito,6,ElizabethTLoehr@mailinator.com,6113376E,TRABAJADOR
William,Crafton,Cabeza Del Buey,6,WilliamSCrafton@trashymail.com,1582698E,JEFE
Kenneth,Gibson,Escúzar,18,KennethHGibson@mailinator.com,8785966N,TRABAJADOR
Rosemary,Richert,Fuensalida,45,RosemaryBRichert@mailinator.com,51768H,TRABAJADOR
Dorothy,Jack,Ikaztegieta,20,DorothyHJack@spambob.com,8073050G,JEFE
Shala,Mitchell,Sant Fost De Campsentelles,8,ShalaTMitchell@trashymail.com,6258367K,TRABAJADOR
Regina,Smith,Alamedilla,18,ReginaJSmith@mailinator.com,7820608X,JEFE
Amanda,Dodson,Torre Alháquime,11,AmandaPDodson@trashymail.com,6779719D,TRABAJADOR
Bobby,Walko,Hondarribia,20,BobbyTWalko@pookmail.com,1412707R,TRABAJADOR
David,Edward,Dozón,36,DavidTEdward@mailinator.com,934250J,TRABAJADOR
Sarah,Young,Oiartzun,20,SarahHYoung@dodgit.com,1039541X,TRABAJADOR
David,Bach,Berastegi,20,DavidCBach@spambob.com,5928439M,JEFE
Martin,Yee,Monleón,37,MartinCYee@spambob.com,5494715S,TRABAJADOR
Deanna,Tooley,El Cubo De Don Sancho,37,DeannaCTooley@mailinator.com,8178873G,TRABAJADOR
Richard,Elliott,Medina Sidonia,11,RichardJElliott@pookmail.com,274554A,TRABAJADOR
Jody,Blanco,Beriáin,31,JodyRBlanco@pookmail.com,3635328V,JEFE
Eric,Gualtieri,Alcantarilla,30,EricEGualtieri@mailinator.com,846511L,TRABAJADOR
Jose,Vanslyke,Magreda,42,JoseLVanslyke@pookmail.com,1367862Y,TRABAJADOR
Allan,Clayton,Montgat,8,AllanDClayton@trashymail.com,7438175K,CLIENTE
Stephen,Farris,Lubrín,4,StephenIFarris@trashymail.com,3615387V,TRABAJADOR
Mary,Robinson,Sieteiglesias De Tormes,37,MaryBRobinson@mailinator.com,6195464T,TRABAJADOR
Roslyn,Guel,El Valle,18,RoslynHGuel@trashymail.com,9114304W,TRABAJADOR
Micheal,Thomas,Benejúzar,3,MichealRThomas@pookmail.com,1461697R,JEFE
Dora,Webb,San Pedro De Rozados,37,DoraGWebb@dodgit.com,9522157L,TRABAJADOR
Renata,Drake,Villaluenga Del Rosario,11,RenataRDrake@pookmail.com,2194D,TRABAJADOR
Kelly,Merced,Bermillo De Sayago,49,KellyJMerced@dodgit.com,8990694V,TRABAJADOR
Norberto,Coulson,Santa Coloma,26,NorbertoDCoulson@dodgit.com,5592285L,CLIENTE
Charlie,Arnold,Bedia,48,CharlieVArnold@trashymail.com,7768584N,TRABAJADOR
Charles,Hernandez,Degaña,33,CharlesKHernandez@spambob.com,4546229A,JEFE
Ralph,Burrell,Benidoleig,3,RalphPBurrell@trashymail.com,7499467H,TRABAJADOR
Charlene,Marcus,Pinseque,50,CharlenePMarcus@pookmail.com,3904786F,CLIENTE
James,Bornstein,La Herrera,2,JamesGBornstein@pookmail.com,8996289T,TRABAJADOR
Dion,Toney,Lena,33,DionKToney@mailinator.com,1145865M,CLIENTE
Brian,Gendron,Canena,23,BrianDGendron@pookmail.com,7714984C,CLIENTE
Lee,Tsan,Bóveda,27,LeeCTsan@dodgit.com,1782024F,JEFE
Roy,Kopp,Palas De Rei,27,RoyJKopp@dodgit.com,603499W,JEFE
James,Lopez,Ayora,46,JamesFLopez@mailinator.com,4515499R,JEFE
David,Campbell,Higuera De Calatrava,23,DavidDCampbell@pookmail.com,6455441P,TRABAJADOR
Wendy,Lancaster,Roquetes,43,WendyILancaster@trashymail.com,5085205C,TRABAJADOR
Jeff,Mills,Formentera,7,JeffEMills@mailinator.com,545377R,TRABAJADOR
Nancy,Edison,Estollo,26,NancySEdison@dodgit.com,2265056Q,TRABAJADOR
Jared,Cossette,Santa María De Sando,37,JaredECossette@mailinator.com,175624L,JEFE
Marjorie,Stokley,La Luisiana,41,MarjorieKStokley@dodgit.com,7682831A,TRABAJADOR
Herbert,Madison,Ponga,33,HerbertLMadison@mailinator.com,176260B,JEFE
Grace,Harper,Montuiri,7,GraceJHarper@trashymail.com,7353522P,TRABAJADOR
Ruthie,Nolan,Idiazabal,20,RuthieVNolan@pookmail.com,1673504R,TRABAJADOR
Lisa,Cutler,Santisteban Del Puerto,23,LisaJCutler@dodgit.com,1576930G,TRABAJADOR
Marion,Patel,Cordovín,26,MarionFPatel@dodgit.com,9879206Q,TRABAJADOR
John,Holifield,Galinduste,37,JohnMHolifield@spambob.com,8622847D,TRABAJADOR
Mary,Wilkerson,San Lorenzo De El Escorial,28,MaryWWilkerson@pookmail.com,2330414P,TRABAJADOR
Arthur,Dixon,Villamanrique,13,ArthurLDixon@mailinator.com,891887Q,TRABAJADOR
Judy,Pelaez,Briones,26,JudyJPelaez@spambob.com,6574954J,TRABAJADOR
John,Baugher,Alcázar De San Juan,13,JohnLBaugher@mailinator.com,9170856C,TRABAJADOR
Zachary,Ingram,Sant Joan De Vilatorrada,8,ZacharyDIngram@mailinator.com,6904483K,JEFE
Linda,Mizrahi,Albondón,18,LindaVMizrahi@spambob.com,9319000K,TRABAJADOR
Jean,Terradillos,37,JeanLMitton@mailinator.com,14075592Y,TRABAJADOR
Evelyn,Hildreth,Binissalem,7,EvelynWHildreth@trashymail.com,3871184P,JEFE
Paula,Walker,Los Gallardos,4,PaulaNWalker@trashymail.com,3626642W,TRABAJADOR
Derrick,Whitman,Móstoles,28,DerrickAWhitman@spambob.com,7627969L,JEFE
Daniel,Beamer,Argamasilla De Alba,13,DanielDBeamer@pookmail.com,9251173K,CLIENTE
Vesta,Robinson,Sant Carles De La Ràpita,43,VestaJRobinson@trashymail.com,5624104Y,TRABAJADOR
Daphine,Reith,Pedrafita Do Cebreiro,27,DaphineHReith@mailinator.com,6575724R,TRABAJADOR
Oliver,Herzberg,Parets Del Vallès,8,OliverRHerzberg@mailinator.com,7687465Z,TRABAJADOR
Edith,Peck,Socuéllamos,13,EdithPPeck@trashymail.com,7518991S,CLIENTE
Joseph,Austin,Muros De Nalón,33,JosephJAustin@spambob.com,8361470G,CLIENTE
Eugene,Nemeth,Santa Coloma De Farners,17,EugeneCNemeth@mailinator.com,3102880L,CLIENTE
Allen,Horton,Laukiz,48,AllenKHorton@mailinator.com,9007694C,TRABAJADOR
Franklin,Bynum,Fornalutx,7,FranklinEBynum@trashymail.com,668466V,CLIENTE
Dorothy,Davison,Ochánduri,26,DorothyVDavison@spambob.com,2600919X,TRABAJADOR
Charles,Baird,Larraul,20,CharlesABaird@trashymail.com,5194242Z,JEFE
Paul,Gross,El Masnou,8,PaulMGross@spambob.com,5998169E,TRABAJADOR
Gerald,Hollingsworth,Sarratella,12,GeraldLHollingsworth@pookmail.com,8176209P,TRABAJADOR
Anthony,Jiang,Imanol Corgo,27,AnthonyKJiang@mailinator.com,3398604D,TRABAJADOR
Charles,Brown,Etxarri Aranatz,31,CharlesMBrown@dodgit.com,7619961S,JEFE
Sheila,Sullivan,Gibraleón,21,SheilaDSullivan@spambob.com,5299282J,TRABAJADOR
Kenneth,Runnels,Castellar De Santiago,13,KennethSRunnels@trashymail.com,6917862Z,TRABAJADOR
Jennifer,Knudsen,Lecrín,18,JenniferFKnudsen@trashymail.com,8585782C,TRABAJADOR
Donald,Hamilton,Membribe De La Sierra,37,DonaldKHamilton@spambob.com,4658330W,TRABAJADOR
Antoinette,Patrick,Alamedilla,18,AntoinetteAPatrick@mailinator.com,7877867E,TRABAJADOR
Lonnie,Reyna,Ventrosa,26,LonnieAReyna@trashymail.com,2599531W,CLIENTE
Tiffany,Mosley,Cenizate,2,TiffanyRMosley@dodgit.com,2457265Z,TRABAJADOR
Jessica,Dixon,Cervera,25,JessicaADixon@spambob.com,6969603M,TRABAJADOR
Carolyn,Moreno,Los Llanos De Aridane,38,CarolynRMoreno@trashymail.com,5223310X,TRABAJADOR
Mary,Burt,Gorga,3,MarySBurt@mailinator.com,4929843T,TRABAJADOR
Jacquelyn,Ortiz,Almargen,29,JacquelynJOrtiz@pookmail.com,2430899Y,TRABAJADOR
Armando,Adame,Cigales,47,ArmandoMAdame@dodgit.com,8866953Q,TRABAJADOR
Yvonne,Musselman,Porzuna,13,YvonneCMusselman@mailinator.com,8400666P,JEFE
Lorna,Paulson,Palencia De Negrilla,37,LornaDPaulson@pookmail.com,2410119H,TRABAJADOR
Mable,Pardee,Torredonjimeno,23,MableJPardee@mailinator.com,8078895F,TRABAJADOR
Ryan,Dorn,Les Borges Del Camp,43,RyanJDorn@dodgit.com,8025314Q,TRABAJADOR
Billy,Reding,Herrera De Pisuerga,34,BillyAReding@dodgit.com,7649976S,TRABAJADOR
Victoria,Jarvis,Otxandio,48,VictoriaEJarvis@mailinator.com,7166657H,TRABAJADOR
Elton,Walker,Nabarniz,48,EltonAWalker@pookmail.com,6544009A,TRABAJADOR
Ian,Lockett,Villamayor,37,IanALockett@spambob.com,4920205E,TRABAJADOR
Joy,Baker,Villahermosa Del Río,12,JoyDBaker@spambob.com,1918438P,TRABAJADOR
Lee,Sifford,Calatayud,50,LeeJSifford@spambob.com,9792212P,TRABAJADOR
Carol,Goldsberry,Benasal,12,CarolSGoldsberry@trashymail.com,8041773F,TRABAJADOR
Donald,Delgado,Costur,12,DonaldHDelgado@dodgit.com,3701996P,TRABAJADOR
Dennis,Pittman,Markina Xemein,48,DennisNPittman@trashymail.com,158501P,CLIENTE
Gloria,Harrigan,Imanol Porriño,36,GloriaWHarrigan@pookmail.com,111094G,JEFE
Jane,Kennedy,Banyoles,17,JaneMKennedy@pookmail.com,647660A,TRABAJADOR
Jeff,Fisher,Purchena,4,JeffHFisher@dodgit.com,5131760T,TRABAJADOR
Miguel,Murphy,Pozuelo De Calatrava,13,MiguelSMurphy@spambob.com,5764360P,TRABAJADOR
William,Bell,Campotéjar,18,WilliamLBell@trashymail.com,3581358M,TRABAJADOR
Tamara,Modica,Manzanares,13,TamaraMModica@mailinator.com,2194019A,TRABAJADOR
Lori,Walsh,Morales De Toro,49,LoriJWalsh@trashymail.com,9091281W,JEFE
Alicia,Tubbs,Ibarra,20,AliciaPTubbs@spambob.com,9809172V,TRABAJADOR
Pamela,Long,Foz,27,PamelaCLong@trashymail.com,255346T,TRABAJADOR
Dudley,Dorsey,Toén,32,DudleyJDorsey@spambob.com,4272296T,JEFE
Alfonzo,Heilig,La Calzada De Béjar,37,AlfonzoLHeilig@trashymail.com,4483152S,TRABAJADOR
Marie,Christenson,San Esteban De Gormaz,42,MarieJChristenson@trashymail.com,8394717Q,TRABAJADOR
Sylvia,Overstreet,Sardón De Los Frailes,37,SylviaKOverstreet@spambob.com,8729032A,JEFE
Jonathan,Judy,Folgoso Do Courel,27,JonathanNJudy@dodgit.com,6635402V,TRABAJADOR
Vivian,Connell,Gorga,3,VivianRConnell@mailinator.com,4614304K,TRABAJADOR
Jessie,Patterson,Ibai Arnoia,32,JessieSPatterson@mailinator.com,8884328A,JEFE
Arlene,Sanchez,Navalmoral De Béjar,37,ArleneJSanchez@spambob.com,1315725X,JEFE
Crystal,Cowell,Camarzana De Tera,49,CrystalECowell@trashymail.com,2815972J,TRABAJADOR
Stephanie,Franks,El Sauzal,38,StephanieLFranks@pookmail.com,1387824G,CLIENTE
Wilma,Schultz,Negueira De Muñiz,27,WilmaPSchultz@dodgit.com,6574843V,TRABAJADOR
Lorenzo,Berrios,Magallón,50,LorenzoBBerrios@mailinator.com,1526577K,CLIENTE
George,Dover,Torreblascopedro,23,GeorgeADover@pookmail.com,6235555W,TRABAJADOR
John,Higley,Fabero,24,JohnDHigley@mailinator.com,3699242Z,TRABAJADOR
Wanda,Dodd,Pinedas,37,WandaMDodd@dodgit.com,1669254Y,TRABAJADOR
Albert,Roquemore,Mallén,50,AlbertARoquemore@spambob.com,1909653D,CLIENTE
Antonio,Mcauire,San Pedro,2,AntonioKMcGuire@mailinator.com,8254473A,JEFE
Ralph,Berry,Garay,48,RalphMBerry@pookmail.com,6466148C,TRABAJADOR
Willie,Lecompte,Calzada De Valdunciel,37,WillieVLecompte@trashymail.com,8518277C,TRABAJADOR
Kelli,Ditullio,Rincón De Soto,26,KelliRDitullio@mailinator.com,4823216R,TRABAJADOR
Patricia,Murphy,Morales De Toro,49,PatriciaOMurphy@trashymail.com,4585431J,TRABAJADOR
Kimberly,Graham,Zafarraya,18,KimberlyDGraham@mailinator.com,9886827R,JEFE
Jerry,Norris,Puerto Seguro,37,JerryANorris@pookmail.com,739918P,JEFE
Julia,Comer,Los Llanos De Aridane,38,JuliaDComer@dodgit.com,9951264S,CLIENTE
Nicholas,Upshaw,Ripoll,17,NicholasAUpshaw@trashymail.com,6633624X,TRABAJADOR
Maria,Richmond,Sant Celoni,8,MariaLRichmond@trashymail.com,9938189G,TRABAJADOR
Mark,Duckworth,Illescas,45,MarkBDuckworth@pookmail.com,9061466H,TRABAJADOR
Sheila,Butler,Fuentealbilla,2,SheilaRButler@mailinator.com,1269721Y,TRABAJADOR
Velia,Mcaraw,Llagostera,17,VeliaHMcGraw@mailinator.com,9827853E,TRABAJADOR
Jamie,Penn,Sagra,3,JamieVPenn@mailinator.com,4953132J,TRABAJADOR
Mary,White,El Gastor,11,MaryMWhite@spambob.com,8447338J,TRABAJADOR
Jennifer,Hall,Don Benito,6,JenniferLHall@spambob.com,1860742L,CLIENTE
Jessica,Robertson,Santorcaz,28,JessicaRRobertson@pookmail.com,8270134R,TRABAJADOR
Elisa,Robinson,Peligros,18,ElisaSRobinson@trashymail.com,9631576G,TRABAJADOR
Tad,Bassett,Lorquí,30,TadDBassett@mailinator.com,1377732D,JEFE
Patricia,Pina,Guadahortuna,18,PatriciaAPina@pookmail.com,9063329H,TRABAJADOR
Lillian,Hyde,San Sebastián De La Gomera,38,LillianTHyde@pookmail.com,4647233Z,JEFE
Louise,Rice,Els Pallaresos,43,LouiseKRice@dodgit.com,6172995W,TRABAJADOR
Jorge,Lara,Cabranes,33,JorgeELara@mailinator.com,732028F,TRABAJADOR
Robert,Anderson,Tinajo,35,RobertGAnderson@dodgit.com,236064S,CLIENTE
Kristy,Wood,Tordillos,37,KristyJWood@trashymail.com,7951397K,JEFE
Cynthia,Johnson,Cabra,14,CynthiaPJohnson@pookmail.com,3170815N,TRABAJADOR
Peter,Middaugh,Ribatejada,28,PeterCMiddaugh@trashymail.com,7387548V,TRABAJADOR
Shirley,Gracia,San Bartolomé De Tirajana,35,ShirleyIGracia@spambob.com,9466376J,TRABAJADOR
James,Ward,Mogán,35,JamesGWard@trashymail.com,7517592L,JEFE
Joy,Ervin,Mendaro,20,JoyCErvin@dodgit.com,2304703B,TRABAJADOR
Donna,Marine,Figueres,17,DonnaJMarine@spambob.com,5114426P,JEFE
Stuart,Haywood,Fanzara,12,StuartLHaywood@pookmail.com,930083D,TRABAJADOR
Adam,Gibson,Xirivella,46,AdamAGibson@trashymail.com,8478166K,TRABAJADOR
Anna,Melton,Benidoleig,3,AnnaEMelton@dodgit.com,7949552Q,TRABAJADOR
Jose,White,Villatoya,2,JoseVWhite@mailinator.com,2404018N,TRABAJADOR
Ruth,Plascencia,Granátula De Calatrava,13,RuthSPlascencia@spambob.com,9347833N,JEFE
Therese,Duran,Torás,12,ThereseRDuran@spambob.com,4271473M,JEFE
Manuel,Ruppe,Sentmenat,8,ManuelFRuppe@mailinator.com,9685075M,TRABAJADOR
Travis,Sanders,Fresnedoso,37,TravisRSanders@pookmail.com,7267886R,JEFE
Richard,Scully,Montejo De La Sierra,28,RichardHScully@pookmail.com,6728061D,TRABAJADOR
Donald,Aston,La Puebla De Los Infantes,41,DonaldBAston@mailinator.com,3208977V,TRABAJADOR
Kyle,Weber,Valverdón,37,KyleMWeber@dodgit.com,8772541L,TRABAJADOR
Jeffrey,Sea,Navàs,8,JeffreyHSea@dodgit.com,9662657N,TRABAJADOR
Johnny,Jones,Belmonte De Miranda,33,JohnnyCJones@spambob.com,5425961P,TRABAJADOR
Carole,Singleton,Zamudio,48,CaroleCSingleton@pookmail.com,9165402V,TRABAJADOR
Robert,Watkins,Mollina,29,RobertTWatkins@pookmail.com,9485822R,TRABAJADOR
Bruce,Espino,La Algaba,41,BruceDEspino@pookmail.com,8568594J,TRABAJADOR
Charles,May,Garachico,38,CharlesAMay@pookmail.com,7977061V,TRABAJADOR
Carrie,Wilson,Periana,29,CarrieJWilson@spambob.com,7291571L,CLIENTE
Marlon,Sadler,Gijón,33,MarlonMSadler@mailinator.com,1264976E,JEFE
Cora,Salas,Santa Eulalia Del Río,7,CoraDSalas@trashymail.com,7764130C,TRABAJADOR
Irma,Stephen,Ordizia,20,IrmaSStephen@trashymail.com,8432682P,TRABAJADOR
Donna,Tew,Salar,18,DonnaJTew@pookmail.com,5258478B,TRABAJADOR
Sandra,Prindle,Kripan,1,SandraJPrindle@dodgit.com,7422371H,CLIENTE
John,Colwell,Alcudia De Veo,12,JohnAColwell@dodgit.com,7904138G,TRABAJADOR
Perla,Angel,Pinoso,3,PerlaHAngel@trashymail.com,6294271E,TRABAJADOR
Carmen,Mackay,San Lorenzo De El Escorial,28,CarmenFMackay@dodgit.com,9505990K,TRABAJADOR
Judith,Oster,El Atazar,28,JudithJOster@spambob.com,6380827Y,TRABAJADOR
Elvie,Lee,Muro En Cameros,26,ElvieKLee@pookmail.com,4528849B,CLIENTE
Leopoldo,Fields,Villanueva Mesía,18,LeopoldoIFields@dodgit.com,3743561N,TRABAJADOR
Elizabeth,Frazier,Bustarviejo,28,ElizabethMFrazier@spambob.com,1566077F,CLIENTE
Kathy,Crider,Cañete De Las Torres,14,KathyGCrider@pookmail.com,4643774M,JEFE
Paul,Rivera,Vilar De Barrio,32,PaulBRivera@spambob.com,2500454D,CLIENTE
Richard,Jones,Pedrosillo De Los Aires,37,RichardJJones@spambob.com,1462928J,TRABAJADOR
Jeffrey,Hansen,Errigoiti,48,JeffreyTHansen@dodgit.com,3576943Y,TRABAJADOR
Russell,Garrett,Colunga,33,RussellMGarrett@spambob.com,3810111T,TRABAJADOR
Belinda,Gonzales,Sorbas,4,BelindaLGonzales@pookmail.com,5465533C,TRABAJADOR
Christopher,Martinez,Fernán Núñez,14,ChristopherIMartinez@spambob.com,8473196L,CLIENTE
Tyler,Allen,Pajares De La Laguna,37,TylerAAllen@dodgit.com,3383263D,TRABAJADOR
Jaime,Slade,Aldeire,18,JaimeISlade@dodgit.com,5436594S,TRABAJADOR
John,Holguin,Melón,32,JohnRHolguin@pookmail.com,396500A,TRABAJADOR
John,Wells,Benalup,11,JohnHWells@dodgit.com,5645918Q,TRABAJADOR
James,Sandberg,Asparrena,1,JamesMSandberg@pookmail.com,6400027R,TRABAJADOR
Paul,Murphy,Rafal,3,PaulCMurphy@mailinator.com,8040547T,CLIENTE
Terry,Gaylor,San Leonardo De Yague,42,TerryRGaylor@mailinator.com,4103570W,TRABAJADOR
Jim,Cauthen,Almarza De Cameros,26,JimECauthen@trashymail.com,9924591E,JEFE
Clinton,Koss,Balsa De Ves,2,ClintonFKoss@pookmail.com,3300502W,TRABAJADOR
Ronald,Edmonson,Castropol,33,RonaldVEdmonson@trashymail.com,3268040Q,TRABAJADOR
Louise,Koeller,El Borge,29,LouiseMKoeller@pookmail.com,7041902S,TRABAJADOR
Eric,Balke,Lumbreras,26,EricMBalke@spambob.com,8788187W,JEFE
Jack,Hess,Martorell,8,JackDHess@dodgit.com,6739146P,TRABAJADOR
Darlene,Mills,Jalón De Cameros,26,DarleneTMills@trashymail.com,8350470K,TRABAJADOR
Heather,Price,Valencia De Alcántara,10,HeatherJPrice@mailinator.com,4110111B,TRABAJADOR
Jerry,Neal,Cervera De Pisuerga,34,JerrySNeal@spambob.com,5440590D,TRABAJADOR
Christopher,Harrington,Suances,39,ChristopherDHarrington@trashymail.com,3530191J,TRABAJADOR
Floy,Ray,Avilés,33,FloyNRay@trashymail.com,3405176A,JEFE
Ronald,Grier,Lucena Del Puerto,21,RonaldKGrier@mailinator.com,3219572D,JEFE
Ronald,Hellwig,Alcadozo,2,RonaldFHellwig@mailinator.com,8197517H,TRABAJADOR
Don,Brittingham,Bidegoyan,20,DonJBrittingham@spambob.com,705807Y,JEFE
Marjorie,Bodiford,Cumbres De San Bartolomé,21,MarjorieMBodiford@mailinator.com,4706726Y,JEFE
Michael,Martinez,Todolella,12,MichaelEMartinez@dodgit.com,9826674Q,JEFE
Gertrude,Jolly,Sabiote,23,GertrudeRJolly@pookmail.com,5353533F,TRABAJADOR
Bethany,Cruickshank,Zegama,20,BethanyMCruickshank@mailinator.com,2569937D,TRABAJADOR
Joseph,Kittel,Maceda,32,JosephJKittel@dodgit.com,9769118Y,TRABAJADOR
Nicole,Moore,Valladolid,47,NicoleWMoore@trashymail.com,1692977Q,TRABAJADOR
Ona,Glenn,San Cristóbal De Entreviñas,49,OnaBGlenn@dodgit.com,4956611L,TRABAJADOR
Patricia,Meyer,San Roque,11,PatriciaJMeyer@spambob.com,4386778B,TRABAJADOR
Anita,Burrell,Masegoso,2,AnitaRBurrell@dodgit.com,9935302S,TRABAJADOR
Jack,Mazza,Navalmoral De Béjar,37,JackSMazza@spambob.com,279383W,TRABAJADOR
Brad,Bernstein,Allande,33,BradFBernstein@mailinator.com,7344258J,TRABAJADOR
Paul,Daniels,Olula Del Río,4,PaulCDaniels@dodgit.com,5112559G,TRABAJADOR
Sophie,Kohler,Oviedo,33,SophieVKohler@trashymail.com,5237054T,JEFE
Francisca,Ford,Don Benito,6,FranciscaDFord@dodgit.com,9384544S,TRABAJADOR
Lucile,Hatton,Beizama,20,LucileDHatton@mailinator.com,4543490R,TRABAJADOR
Dean,Taylor,Palma De Mallorca,7,DeanCTaylor@spambob.com,2583454W,JEFE
Brent,Saucier,Corcubión,15,BrentTSaucier@spambob.com,3864786G,JEFE
Erica,Jackson,Pedrera,41,EricaNJackson@pookmail.com,7243383Q,TRABAJADOR
Matthew,Griffin,Churriana De La Vega,18,MatthewJGriffin@trashymail.com,206491C,TRABAJADOR
Florine,Guerrero,Guadalcanal,41,FlorineDGuerrero@dodgit.com,4227188H,JEFE
Joseph,Freeman,Trazo,15,JosephTFreeman@mailinator.com,7339793X,CLIENTE
William,Goss,Valle Gran Rey,38,WilliamDGoss@spambob.com,479020E,TRABAJADOR
Lauri,Hall,Palomares Del Río,41,LauriGHall@trashymail.com,6416975K,TRABAJADOR
Anita,Testa,Alfafara,3,AnitaRTesta@dodgit.com,4462322T,TRABAJADOR
John,Whitehead,Mislata,46,JohnTWhitehead@pookmail.com,6278964X,TRABAJADOR
Frank,Peach,Ripoll,17,FrankCPeach@mailinator.com,171285G,TRABAJADOR
Brian,Felts,La Taha,18,BrianMFelts@pookmail.com,8802924L,TRABAJADOR
Tommy,Nichols,Barceo,37,TommySNichols@dodgit.com,7801962V,TRABAJADOR
Roxie,Castillo,San Fernando,11,RoxieNCastillo@pookmail.com,1866783B,TRABAJADOR
Richard,Young,Palanques,12,RichardGYoung@pookmail.com,2472318W,TRABAJADOR
Frances,Stone,Benidoleig,3,FrancesSStone@pookmail.com,4758836K,JEFE
Anthony,Mcmartin,Torrecilla Sobre Alesanco,26,AnthonyJMcMartin@mailinator.com,1081100P,CLIENTE
Ethan,Wilson,Lucena,14,EthanJWilson@dodgit.com,6444236G,JEFE
Stacey,Burchfield,Dios Le Guarde,37,StaceyPBurchfield@pookmail.com,76913R,CLIENTE
Gerald,Wooden,Albarracín,44,GeraldMWooden@mailinator.com,9331024Q,TRABAJADOR
Lynne,Myers,Artà,7,LynneCMyers@spambob.com,7249218D,TRABAJADOR
Frances,Dyke,Baltar,32,FrancesJDyke@mailinator.com,2368739S,TRABAJADOR
Catherine,Yi,Caravia,33,CatherineEYi@dodgit.com,5335937Y,JEFE
George,Wells,La Cabrera,28,GeorgeLWells@trashymail.com,9234502W,JEFE
Collette,Tsai,Morasverdes,37,ColletteRTsai@dodgit.com,6111409X,TRABAJADOR
Willa,Echevarria,Olesa De Montserrat,8,WillaLEchevarria@trashymail.com,6886267K,TRABAJADOR
John,Wilken,Borja,50,JohnKWilken@trashymail.com,3705751Z,JEFE
James,Haney,Torre Alháquime,11,JamesJHaney@pookmail.com,4275727G,TRABAJADOR
Louise,Chambers,Nueva Carteya,14,LouiseCChambers@mailinator.com,6218104P,JEFE
Melissa,Ault,Lorquí,30,MelissaTAult@pookmail.com,2326972Q,CLIENTE
Alma,Ellis,San Bartolomé,35,AlmaDEllis@dodgit.com,8993860D,TRABAJADOR
Jerry,Lamm,Cariñena,50,JerryMLamm@pookmail.com,3912296L,TRABAJADOR
Duane,Buttram,Zeanuri,48,DuaneEButtram@pookmail.com,1858357A,TRABAJADOR
Rebecca,Cook,Confrides,3,RebeccaRCook@mailinator.com,81801J,JEFE
David,Tremblay,Massamagrell,46,DavidBTremblay@spambob.com,6440131Q,CLIENTE
Kimberly,Miller,Riópar,2,KimberlyPMiller@dodgit.com,3986423V,TRABAJADOR
Daryl,Augustus,Millena,3,DarylMAugustus@spambob.com,7281417P,CLIENTE
Gerald,Starks,La Campana,41,GeraldSStarks@trashymail.com,5230228M,TRABAJADOR
Jean,Hill,El Cabaco,37,JeanRHill@trashymail.com,3237480T,TRABAJADOR
Karla,Curry,Villafranca,31,KarlaDCurry@trashymail.com,8010346K,TRABAJADOR
Billy,Patterson,Arroyomolinos,28,BillyKPatterson@pookmail.com,2777786F,TRABAJADOR
Randi,Brown,Gérgal,4,RandiDBrown@trashymail.com,871198G,JEFE
Lisa,Thompson,Villanueva Del Trabuco,29,LisaKThompson@spambob.com,2403944F,TRABAJADOR
Timothy,Schoen,El Prat De Llobregat,8,TimothySSchoen@spambob.com,4666692S,CLIENTE
Kim,Rumsey,Cáñar,18,KimBRumsey@trashymail.com,3499064M,TRABAJADOR
Michael,Richardson,Leiro,32,MichaelSRichardson@trashymail.com,4182332N,TRABAJADOR
Karen,Norman,La Garriga,8,KarenJNorman@mailinator.com,4996397S,CLIENTE
William,Gossett,Chauchina,18,WilliamVGossett@dodgit.com,9788557X,TRABAJADOR
Bernice,Dowd,Ubide,48,BerniceTDowd@pookmail.com,5279320S,TRABAJADOR
Donna,Banda,Buñol,46,DonnaLBanda@pookmail.com,7535380M,TRABAJADOR
William,Robertson,Valle De Elorz Noáin,31,WilliamDRobertson@spambob.com,2211040G,TRABAJADOR
Justin,Perez,Cangas,36,JustinBPerez@trashymail.com,5282146N,TRABAJADOR
John,Mccoy,Valdeganga,2,JohnTMccoy@pookmail.com,9205721V,JEFE
Barry,Castillo,Santa Magdalena De Pulpis,12,BarryMCastillo@dodgit.com,6595751H,JEFE
Ralph,Lucas,Huétor De Santillán,18,RalphCLucas@dodgit.com,3487140H,CLIENTE
Gregory,Holder,Aguimes,35,GregoryCHolder@pookmail.com,6804032B,TRABAJADOR
Richard,Trogdon,Setenil De Las Bodegas,11,RichardJTrogdon@dodgit.com,7194570D,CLIENTE
Amie,Johnson,Muxía,15,AmieCJohnson@mailinator.com,8570778N,JEFE
Yolonda,Brady,Imanol Rosal,36,YolondaTBrady@pookmail.com,9905198H,CLIENTE
Barbara,Cantu,Vélez Blanco,4,BarbaraGCantu@mailinator.com,8854879V,TRABAJADOR
Gloria,Salazar,Navales,37,GloriaJSalazar@dodgit.com,8685009W,TRABAJADOR
Demetrius,Howard,Alba De Tormes,37,DemetriusKHoward@trashymail.com,6674765G,TRABAJADOR
Kendra,Lavender,Pozuelo De Alarcón,28,KendraJLavender@mailinator.com,8727129D,TRABAJADOR
Jason,Jolly,Cidamón,26,JasonMJolly@dodgit.com,4789522W,TRABAJADOR
Lee,Pogue,Erandio,48,LeeJPogue@dodgit.com,5650016C,TRABAJADOR
Jordan,Miller,Onil,3,JordanCMiller@spambob.com,5674061F,TRABAJADOR
Edward,Schneider,Valdelaguna,28,EdwardLSchneider@trashymail.com,4036835J,JEFE
Lila,Lindsey,Ibai Merca,32,LilaBLindsey@dodgit.com,7808899P,TRABAJADOR
Albert,Alvarez,Robleda,37,AlbertJAlvarez@mailinator.com,8319359Y,CLIENTE
Joe,Taylor,Láncara,27,JoeCTaylor@spambob.com,2366848X,TRABAJADOR
Joyce,Stanley,Algodonales,11,JoyceCStanley@dodgit.com,8832529T,TRABAJADOR
Julie,Irizarry,Baeza,23,JulieEIrizarry@mailinator.com,8744418W,TRABAJADOR
Willie,Montanez,La Roda De Andalucía,41,WillieSMontanez@mailinator.com,7109168Y,TRABAJADOR
Robert,Castro,Adra,4,RobertJCastro@mailinator.com,1640017W,TRABAJADOR
Lloyd,Johnson,Archidona,29,LloydDJohnson@mailinator.com,9665038R,TRABAJADOR
Mark,Elliston,Cipérez,37,MarkCElliston@spambob.com,4858513Q,JEFE
Wanda,Rogers,Escurial De La Sierra,37,WandaWRogers@mailinator.com,3056793R,JEFE
Robert,Smith,Tomelloso,13,RobertESmith@mailinator.com,9192822K,TRABAJADOR
Louise,Sargent,Labastida,1,LouiseGSargent@dodgit.com,4719840X,JEFE
Catrina,Castellanos,Tarifa,11,CatrinaCCastellanos@trashymail.com,9563586W,JEFE
Mary,Trudeau,Llodio,1,MaryJTrudeau@spambob.com,3001796C,TRABAJADOR
Sarah,Porch,Estepa,41,SarahMPorch@pookmail.com,8363081M,JEFE
James,Beavers,Gernika Lumo,48,JamesPBeavers@mailinator.com,1614010P,TRABAJADOR
Robin,Chambliss,Getxo,48,RobinRChambliss@spambob.com,1997745B,TRABAJADOR
Jason,Amador,Humanes De Madrid,28,JasonMAmador@trashymail.com,5158772X,JEFE
Johnny,Delee,Fene,15,JohnnyADelee@trashymail.com,6610025D,JEFE
Dorothy,Conlon,Benidorm,3,DorothyJConlon@pookmail.com,5233712Q,JEFE
Wilma,Sanchez,Banyeres Del Penedès,43,WilmaJSanchez@pookmail.com,7914291Z,TRABAJADOR
James,Dobbs,Mondariz Balneario,36,JamesADobbs@trashymail.com,2937014Y,TRABAJADOR
Thomas,Tuthill,Gandia,46,ThomasETuthill@spambob.com,9425208S,TRABAJADOR
Juanita,Dean,Los Palacios Ya Villafranca,41,JuanitaBDean@pookmail.com,793759Y,JEFE
Gretchen,King,Castaño Del Robledo,21,GretchenTKing@spambob.com,1522112H,JEFE
Linda,Adams,Navas De Oro,40,LindaFAdams@trashymail.com,3213934Y,CLIENTE
Michael,Sepulveda,Prádena Del Rincón,28,MichaelJSepulveda@dodgit.com,8688842V,TRABAJADOR
Louis,Sharp,Yecla De Yeltes,37,LouisJSharp@trashymail.com,9510904J,CLIENTE
Brian,Reyes,Iznate,29,BrianMReyes@pookmail.com,3038817B,CLIENTE
George,Milligan,Montcada Reixac,8,GeorgeHMilligan@trashymail.com,2788091P,CLIENTE
William,Rush,Gorga,3,WilliamSRush@mailinator.com,4132092G,TRABAJADOR
Matt,Church,Rioja,4,MattAChurch@trashymail.com,5868678K,TRABAJADOR
Derek,Culbertson,El Pedroso,41,DerekECulbertson@trashymail.com,3740054R,TRABAJADOR
Lilly,Drinkard,Algorfa,3,LillyADrinkard@pookmail.com,2371761R,JEFE
Perry,Downs,El Villar De Arnedo,26,PerryIDowns@trashymail.com,7336766L,CLIENTE
Dustin,Littleton,Ariany,7,DustinKLittleton@mailinator.com,2673708G,TRABAJADOR
Joyce,Caufield,Gamiz Fika,48,JoyceJCaufield@spambob.com,9557044S,TRABAJADOR
Andrew,Charleston,Boquiñeni,50,AndrewECharleston@trashymail.com,4134516J,JEFE
Lawrence,Shaffer,Martín De La Jara,41,LawrenceRShaffer@pookmail.com,8615602D,JEFE
James,Sheldon,Daimiel,13,JamesJSheldon@spambob.com,3073762L,TRABAJADOR
Cindy,Williams,Imanol Vicedo,27,CindyRWilliams@mailinator.com,9391200R,TRABAJADOR
Mark,Anderson,Añana,1,MarkJAnderson@dodgit.com,2847890F,TRABAJADOR
Roderick,Smith,Marín,36,RoderickESmith@dodgit.com,3164224E,JEFE
Marion,Pruitt,Larrabetzu,48,MarionLPruitt@pookmail.com,7068635E,TRABAJADOR
Maria,Weitzel,Alcalà De Xivert,12,MariaDWeitzel@mailinator.com,9865145P,TRABAJADOR
Jerry,Jones,El Tornadizo,37,JerryNJones@pookmail.com,202913F,TRABAJADOR
Bryan,Belanger,Sacañet,12,BryanTBelanger@spambob.com,6379495P,JEFE
Patricia,Mckinney,Sella,3,PatriciaJMcKinney@dodgit.com,4019720X,TRABAJADOR
Aubrey,Marrero,Noalejo,23,AubreyMMarrero@mailinator.com,7232143T,JEFE
Sandra,Cole,La Vídola,37,SandraRCole@spambob.com,6260477S,JEFE
Martha,Mossman,Cudillero,33,MarthaTMossman@pookmail.com,3253310Y,JEFE
Maria,Hays,La Alberca,37,MariaFHays@trashymail.com,4760153G,JEFE
Luella,Adams,Villares De Yeltes,37,LuellaPAdams@dodgit.com,1821135H,TRABAJADOR
Sharon,Scott,Alboraya,46,SharonLScott@dodgit.com,4184926F,TRABAJADOR
Jane,Williams,Leza,1,JaneMWilliams@mailinator.com,4777678A,TRABAJADOR
Carlos,Linney,Arroyomolinos De León,21,CarlosBLinney@mailinator.com,584636E,TRABAJADOR
Bertha,Hawks,El Pino De Tormes,37,BerthaJHawks@trashymail.com,4335880N,TRABAJADOR
Brandi,May,Vall De Ebo,3,BrandiJMay@trashymail.com,4452158W,TRABAJADOR
Randy,Gross,Piera,8,RandySGross@spambob.com,2918538E,TRABAJADOR
Nathan,Hathorn,Albalate Del Arzobispo,44,NathanMHathorn@trashymail.com,7995398T,TRABAJADOR
Daniel,Vargas,Canovelles,8,DanielSVargas@mailinator.com,2621214L,TRABAJADOR
Jeffrey,Wills,Buñuel,31,JeffreyRWills@pookmail.com,3054256V,JEFE
Carmen,Fraga,Berlanga De Duero,42,CarmenCFraga@pookmail.com,5840953B,TRABAJADOR
Irma,Mohammed,Vícar,4,IrmaTMohammed@mailinator.com,8359304T,TRABAJADOR
Latoya,Mcaee,Buitrago Del Lozoya,28,LatoyaWMcGee@spambob.com,4700330G,TRABAJADOR
Ronald,Perna,Rociana Del Condado,21,RonaldRPerna@pookmail.com,339319T,TRABAJADOR
Ruth,Ruiz,Barruelo De Santullán,34,RuthHRuiz@dodgit.com,3527684J,TRABAJADOR
Matthew,Barrett,Picanya,46,MatthewMBarrett@pookmail.com,5418518V,CLIENTE
Anne,Phan,Frómista,34,AnneCPhan@trashymail.com,6375909X,TRABAJADOR
Jamie,Riley,Los Villares,23,JamieCRiley@mailinator.com,7777162B,TRABAJADOR
Christopher,Elliott,El Rubio,41,ChristopherEElliott@dodgit.com,79684N,TRABAJADOR
Sebastian,North,Quintanar Del Rey,16,SebastianTNorth@trashymail.com,7672046M,TRABAJADOR
Michael,Barrientos,La Luisiana,41,MichaelBBarrientos@pookmail.com,6271973B,CLIENTE
Matt,Gaspar,Alamillo,13,MattRGaspar@dodgit.com,3163703F,JEFE
Stacy,Bonnette,Vega De Pas,39,StacySBonnette@mailinator.com,2114823L,TRABAJADOR
Neville,Polson,Berzosa Del Lozoya,28,NevilleEPolson@dodgit.com,2615088B,JEFE
Brenda,Lynch,Mascar,47,BrendaELynch@trashymail.com,7977050Y,TRABAJADOR
Ryan,Waters,Manzanares El Real,28,RyanEWaters@pookmail.com,2063835E,TRABAJADOR
Shona,Parker,Alajeró,38,ShonaJParker@mailinator.com,3603876Y,TRABAJADOR
Gordon,Cave,Madarcos,28,GordonACave@spambob.com,3586403J,TRABAJADOR
Charles,Stephens,Camprovín,26,CharlesJStephens@mailinator.com,1885768K,CLIENTE
Anthony,Seng,Buñuel,31,AnthonyLSeng@spambob.com,7802264C,JEFE
Rachel,Kim,Duruelo De La Sierra,42,RachelCKim@spambob.com,4858227Y,CLIENTE
Robert,Huynh,Almegíjar,18,RobertLHuynh@spambob.com,1670513T,TRABAJADOR
Jo,Bello,Guadarrama,28,JoRBello@pookmail.com,9973519Y,JEFE
Ashley,Oliver,Villanueva De Las Torres,18,AshleyBOliver@trashymail.com,4905957B,TRABAJADOR
Sylvia,Dickinson,La Roca Del Vallès,8,SylviaWDickinson@spambob.com,1408634E,TRABAJADOR
Kathleen,Deschamp,Santo Tomé,23,KathleenPDeschamp@trashymail.com,371327S,CLIENTE
Antonio,Lester,Villarta De San Juan,13,AntonioMLester@mailinator.com,2656026D,CLIENTE
Ann,Golub,Alfaro,26,AnnGGolub@mailinator.com,8807346W,TRABAJADOR
David,Robertson,Casarabonela,29,DavidBRobertson@trashymail.com,7938121Q,TRABAJADOR
Lisa,Medina,Puebla De La Sierra,28,LisaHMedina@spambob.com,5743693H,CLIENTE
Charles,Tapia,Ariany,7,CharlesSTapia@mailinator.com,2910568X,JEFE
Sam,Bautista,Castillejo De Martín Viejo,37,SamBBautista@mailinator.com,4819948E,TRABAJADOR
Glen,Reed,Zújar,18,GlenMReed@dodgit.com,821158N,CLIENTE
Brenda,Smith,Tamames,37,BrendaDSmith@trashymail.com,412523H,JEFE
Brittani,Oxford,Ponteceso,15,BrittaniCOxford@trashymail.com,8382630G,TRABAJADOR
Donna,Jones,Valdeolmos Alalpardo,28,DonnaJJones@spambob.com,6593433T,TRABAJADOR
Judy,Figueroa,El Burgo,29,JudyPFigueroa@spambob.com,6596088X,JEFE
Wanda,Murphy,Villanueva Del Rosario,29,WandaKMurphy@trashymail.com,4902785J,TRABAJADOR
Laurie,Benoit,Hormilleja,26,LaurieCBenoit@mailinator.com,3314883P,JEFE
Patrica,Nix,Bujalance,14,PatricaMNix@pookmail.com,2501804W,TRABAJADOR
Reta,Pagan,Mondoñedo,27,RetaTPagan@dodgit.com,8572748G,TRABAJADOR
William,Torres,Los Corrales De Buelna,39,WilliamSTorres@trashymail.com,7408995M,TRABAJADOR
Olevia,Stine,Sevilla La Nueva,28,OleviaCStine@trashymail.com,8345791B,TRABAJADOR
Terrence,Gantz,Lugros,18,TerrenceEGantz@spambob.com,8949866Z,TRABAJADOR
George,Young,Dolores,3,GeorgeJYoung@spambob.com,2611358F,TRABAJADOR
Rudolph,Coker,La Lastrilla,40,RudolphGCoker@spambob.com,2627357K,TRABAJADOR
Jean,Mcdowell,Vilafranca De Bonany,7,JeanCMcDowell@dodgit.com,1684692B,TRABAJADOR
Susan,Harrod,Sallent,8,SusanNHarrod@mailinator.com,4567450H,TRABAJADOR
Richard,Cabral,Mugardos,15,RichardSCabral@spambob.com,5167208M,TRABAJADOR
Chet,Mcallister,La Maya,37,ChetFMcallister@trashymail.com,7775488Q,TRABAJADOR
Carmen,Cort,Puerto Moral,21,CarmenGCort@trashymail.com,2961423N,JEFE
Tommy,Sloan,Elburgo,1,TommyBSloan@trashymail.com,9862188H,TRABAJADOR
Susan,Madera,Leiva,26,SusanKMadera@dodgit.com,4336125G,TRABAJADOR
Oscar,Binder,La Hospitalet De Llobregat,8,OscarYBinder@dodgit.com,194213R,JEFE
Hana,Allison,Galindo Ya Perahuy,37,HanaKAllison@mailinator.com,3819410F,JEFE
Monika,Glover,La Bisbal Del Penedès,43,MonikaAGlover@pookmail.com,8698267N,TRABAJADOR
Myron,Huff,Santa Olalla Del Cala,21,MyronLHuff@pookmail.com,7867959G,CLIENTE
Jospeh,Olsen,Gorga,3,JospehSOlsen@dodgit.com,8531217B,TRABAJADOR
Lory,Rossi,Quintanar Del Rey,16,LoryJRossi@spambob.com,4072004S,JEFE
Ashley,Ray,Barreiros,27,AshleyIRay@pookmail.com,9878184Y,JEFE
Andrew,Barnett,La Puebla De Almoradiel,45,AndrewDBarnett@trashymail.com,2366054K,CLIENTE
Rachel,Valentine,Baños De La Encina,23,RachelMValentine@mailinator.com,1153070B,CLIENTE
Barbara,Bonner,Ibros,23,BarbaraMBonner@trashymail.com,4478424W,TRABAJADOR
Erin,Pruitt,Lanestosa,48,ErinLPruitt@mailinator.com,8471194H,JEFE
Daniel,Dawson,Corral Rubio,2,DanielNDawson@pookmail.com,9845684M,TRABAJADOR
Ronald,Wood,Alfoz,27,RonaldSWood@pookmail.com,6761356T,TRABAJADOR
Pamela,Noel,Somiedo,33,PamelaTNoel@trashymail.com,5452411P,TRABAJADOR
Thomas,Dowdy,Toro,49,ThomasLDowdy@dodgit.com,780571C,TRABAJADOR
Helen,Worrell,Gójar,18,HelenRWorrell@trashymail.com,2436472J,JEFE
Daniel,Osteen,Los Palacios Ya Villafranca,41,DanielIOsteen@trashymail.com,7651069G,TRABAJADOR
Emil,Stanfield,Huelma,23,EmilCStanfield@trashymail.com,1504078Q,TRABAJADOR
Bernice,Davis,Larva,23,BerniceJDavis@spambob.com,2750540Q,TRABAJADOR
Rebecca,Lorenzo,Fonzaleche,26,RebeccaMLorenzo@dodgit.com,6166947A,TRABAJADOR
Ruth,Williams,Fuente Palmera,14,RuthAWilliams@mailinator.com,477945M,JEFE
Shannon,Moore,La Aldea,43,ShannonMMoore@pookmail.com,7805587P,CLIENTE
James,Cangelosi,Saelices El Chico,37,JamesNCangelosi@dodgit.com,5761542L,JEFE
Ruth,Orange,Baza,18,RuthROrange@spambob.com,4127520D,TRABAJADOR
Clinton,Nichols,Badolatosa,41,ClintonMNichols@dodgit.com,5969880T,JEFE
Joanne,Bright,El Tiemblo,5,JoanneJBright@pookmail.com,8105795C,JEFE
Leonard,Meade,Aldeaseca De Alba,37,LeonardCMeade@spambob.com,2465773N,TRABAJADOR
Pauline,Catalano,Alar Del Rey,34,PaulineJCatalano@trashymail.com,1232050D,TRABAJADOR
Billy,Hudson,La Escala,17,BillyBHudson@mailinator.com,8009931C,TRABAJADOR
Diane,Mcaee,Chillón,13,DianePMcGee@pookmail.com,8419343D,TRABAJADOR
Rebecca,Barnes,Bimenes,33,RebeccaRBarnes@pookmail.com,5575438P,JEFE
Charles,Poteet,Briñas,26,CharlesTPoteet@dodgit.com,5012999B,TRABAJADOR
Lucille,Fraser,Ibai Mezquita,32,LucilleFFraser@spambob.com,176842H,TRABAJADOR
Jennifer,Ramage,Portillo,47,JenniferWRamage@mailinator.com,4063762F,TRABAJADOR
Robert,Owens,Sant Mateu,12,RobertJOwens@mailinator.com,8260287K,TRABAJADOR
Heather,Hanes,Esporles,7,HeatherGHanes@trashymail.com,4372778H,JEFE
Edna,Boaz,Santiago De Calatrava,23,EdnaRBoaz@mailinator.com,3727534Q,TRABAJADOR
Victor,Walker,El Guijo,14,VictorTWalker@mailinator.com,4822650X,TRABAJADOR
John,Hill,Santa María De Sando,37,JohnYHill@dodgit.com,8518838Y,TRABAJADOR
Toshiko,Tow,Espeja,37,ToshikoGTow@mailinator.com,3717503J,TRABAJADOR
Mary,Mullins,Monesterio,6,MaryDMullins@dodgit.com,9478746D,TRABAJADOR
Clayton,Golla,Alcúdia,7,ClaytonWGolla@pookmail.com,103619G,TRABAJADOR
Angela,Valentine,Azagra,31,AngelaDValentine@pookmail.com,5187233C,TRABAJADOR
Robert,Westbrook,Sant Pere De Ribes,8,RobertEWestbrook@dodgit.com,2631417X,TRABAJADOR
Florence,Vanhoose,Peñíscola,12,FlorenceJVanhoose@mailinator.com,6319759A,CLIENTE
Glenda,Phillips,Parets Del Vallès,8,GlendaRPhillips@dodgit.com,2614215N,TRABAJADOR
Thomas,Becher,Briñas,26,ThomasDBecher@trashymail.com,8771498B,TRABAJADOR
Carl,Maynard,Ponteceso,15,CarlCMaynard@mailinator.com,9428665E,TRABAJADOR
Argentina,Butler,Agolada,36,ArgentinaWButler@pookmail.com,8677458H,JEFE
William,Bolden,Colunga,33,WilliamDBolden@spambob.com,5215197Q,TRABAJADOR
Hope,Kelly,Conil De La Frontera,11,HopeHKelly@pookmail.com,2183046R,TRABAJADOR
Charles,Tejada,Imanol Saviñao,27,CharlesSTejada@spambob.com,109119F,JEFE
Martin,Lewin,Maside,32,MartinJLewin@spambob.com,2158478C,JEFE
David,Borden,Sa Pobla,7,DavidRBorden@dodgit.com,4326115E,TRABAJADOR
David,Miller,Galinduste,37,DavidVMiller@mailinator.com,2936572R,TRABAJADOR
Richard,Jones,Calamonte,6,RichardMJones@pookmail.com,8199153K,TRABAJADOR
Janelle,Turner,Iznatoraf,23,JanelleJTurner@trashymail.com,583743A,TRABAJADOR
George,Rotella,Nonaspe,50,GeorgeLRotella@spambob.com,8827627C,JEFE
Helen,Burnett,Redueña,28,HelenJBurnett@dodgit.com,4263961Z,TRABAJADOR
Mary,Day,Meñaka,48,MaryADay@mailinator.com,545327C,JEFE
John,Duarte,Zufre,21,JohnBDuarte@spambob.com,3413875P,TRABAJADOR
Bridget,Delarosa,Turre,4,BridgetNDelarosa@mailinator.com,63212P,TRABAJADOR
Hilary,Roland,El Barraco,5,HilaryJRoland@dodgit.com,7424817A,TRABAJADOR
Julius,Nichols,Almadén De La Plata,41,JuliusRNichols@trashymail.com,6785348A,CLIENTE
Lynda,Burns,Navaridas,1,LyndaJBurns@spambob.com,9684399L,TRABAJADOR
Lloyd,Reyes,Rágama,37,LloydLReyes@mailinator.com,128697N,TRABAJADOR
Jonathan,Shattuck,Fuenteheridos,21,JonathanMShattuck@spambob.com,6516978C,TRABAJADOR
Cheryl,Townsend,El Vendrell,43,CherylTTownsend@spambob.com,3799954D,TRABAJADOR
Amber,Ramirez,Senija,3,AmberHRamirez@dodgit.com,1252106D,TRABAJADOR
Marian,Eubanks,Valdemorillo,28,MarianKEubanks@spambob.com,3359570Y,TRABAJADOR
Anna,Linton,Mas De Las Matas,44,AnnaWLinton@pookmail.com,9739133J,CLIENTE
James,Anderson,Cabezón De Cameros,26,JamesSAnderson@trashymail.com,8382803Q,CLIENTE
Martha,Campbell,Sotoserrano,37,MarthaDCampbell@dodgit.com,4955495F,TRABAJADOR
Aaron,Fischer,La Cabeza De Béjar,37,AaronAFischer@trashymail.com,2871873R,TRABAJADOR
Lori,Moore,La Vellés,37,LoriWMoore@pookmail.com,6221914T,TRABAJADOR
Michael,Nathan,La Carlota,14,MichaelCNathan@trashymail.com,1616719A,TRABAJADOR
Jaime,Durr,Firgas,35,JaimeEDurr@spambob.com,9883975R,TRABAJADOR
Ramon,Wolf,Orcoyen,31,RamonMWolf@pookmail.com,1092501R,TRABAJADOR
Margaret,Strain,Zagra,18,MargaretDStrain@mailinator.com,1355047W,TRABAJADOR
Young,Moreno,Ibai Peroxa,32,YoungRMoreno@dodgit.com,1529121N,TRABAJADOR
Robert,Russell,El Boalo,28,RobertERussell@dodgit.com,3380624S,JEFE
Ruben,Mendez,Ferreries,7,RubenMMendez@spambob.com,6325783R,TRABAJADOR
Florence,Shelton,Viveros,2,FlorenceNShelton@spambob.com,8285685G,JEFE
Lela,Ingle,Baza,18,LelaWIngle@pookmail.com,1495999X,TRABAJADOR
Bertha,Dobson,Mazaricos,15,BerthaMDobson@trashymail.com,2821109K,TRABAJADOR
Jennifer,Smith,Valle De Elorz Noáin,31,JenniferGSmith@mailinator.com,4058755Z,JEFE
Shelley,Mills,El Astillero,39,ShelleyTMills@mailinator.com,3214512D,TRABAJADOR
Lloyd,Herrera,Muro En Cameros,26,LloydKHerrera@mailinator.com,6629327Z,JEFE
Donald,Lambert,Alamillo,13,DonaldJLambert@spambob.com,3829008Z,TRABAJADOR
Benjamin,Joyce,Gozón,33,BenjaminMJoyce@spambob.com,1045022V,TRABAJADOR
Christiane,Rick,Ordes,15,ChristianeERick@trashymail.com,4798377W,TRABAJADOR
Mark,Key,Montejaque,29,MarkRKey@dodgit.com,4576921J,TRABAJADOR
Lynn,Blanchard,Almagro,13,LynnLBlanchard@dodgit.com,5617077V,JEFE
Alice,Smith,Castrelo Do Val,32,AliceTSmith@mailinator.com,4993803C,TRABAJADOR
Matthew,Gilles,Linares De Riofrío,37,MatthewTGilles@dodgit.com,9053552Q,TRABAJADOR
Robert,Mclean,Vila Seca,43,RobertLMcLean@dodgit.com,518600L,TRABAJADOR
Roxann,Chavis,Alella,8,RoxannKChavis@pookmail.com,6954376G,JEFE
Adela,Campa,Horcajo Medianero,37,AdelaRCampa@mailinator.com,6872143L,TRABAJADOR
Hubert,Melendez,Almoradí,3,HubertHMelendez@mailinator.com,7228838F,TRABAJADOR
Marg,Richardson,Allande,33,MargCRichardson@mailinator.com,1205881Z,TRABAJADOR
Darren,Morris,Soto Del Barco,33,DarrenLMorris@dodgit.com,5783058F,CLIENTE
George,Chipps,Orusco De Tajuña,28,GeorgeEChipps@trashymail.com,2429591D,TRABAJADOR
Margaret,Fuller,Villamanrique De Tajo,28,MargaretLFuller@dodgit.com,6640237E,TRABAJADOR
Stacy,Kincaid,Arucas,35,StacyDKincaid@dodgit.com,2111748A,JEFE
Gayle,Tompkins,Viladecans,8,GayleJTompkins@pookmail.com,6921485A,TRABAJADOR
Janet,Blanchard,Briviesca,9,JanetVBlanchard@spambob.com,6487047N,TRABAJADOR
Christy,Alfonso,Almendralejo,6,ChristyRAlfonso@spambob.com,4076525M,TRABAJADOR
Heriberto,Eder,Lentegí,18,HeribertoTEder@dodgit.com,1935449E,TRABAJADOR
Richard,Grace,Idiazabal,20,RichardLGrace@spambob.com,2344667R,TRABAJADOR
Santiago,Hunter,Dos Torres,14,SantiagoCHunter@mailinator.com,2159933A,TRABAJADOR
Benjamin,Bowman,La Serna Del Monte,28,BenjaminBBowman@trashymail.com,3853886Y,TRABAJADOR
Lacey,Knighton,Espejo,14,LaceyJKnighton@pookmail.com,8396499G,TRABAJADOR
Carl,Fogle,Jabalquinto,23,CarlGFogle@dodgit.com,8774530F,JEFE
Jennifer,Johnson,Borja,50,JenniferMJohnson@dodgit.com,6748040R,TRABAJADOR
Barbara,Woodson,Sober,27,BarbaraDWoodson@trashymail.com,7764742B,TRABAJADOR
Lanny,Baker,Horcajo De Los Montes,13,LannyCBaker@trashymail.com,5971640N,TRABAJADOR
Mary,Deforge,Baiona,36,MaryJDeforge@dodgit.com,2781542Z,TRABAJADOR
Kathryn,Jones,Baños De Molgas,32,KathrynJJones@mailinator.com,6878937M,JEFE
Maria,Ligon,Puente De Génave,23,MariaCLigon@pookmail.com,7492520V,CLIENTE
Ferne,Raff,Arenzana De Abajo,26,FerneTRaff@dodgit.com,6423499J,JEFE
Mark,Ellis,Gibraleón,21,MarkGEllis@dodgit.com,730804W,JEFE
Timothy,Murphy,Fabero,24,TimothyDMurphy@dodgit.com,8894342N,TRABAJADOR
Raeann,Sanders,Baltanás,34,RaeannRSanders@spambob.com,7689590T,CLIENTE
Melissa,Hodges,Caparroso,31,MelissaMHodges@dodgit.com,4364783G,TRABAJADOR
Anthony,Rojas,Almudévar,22,AnthonySRojas@mailinator.com,945229K,TRABAJADOR
Michael,Martin,Polop,3,MichaelMMartin@pookmail.com,1307862J,TRABAJADOR
Ryan,Doucet,Osorno La Mayor,34,RyanCDoucet@trashymail.com,8415482N,TRABAJADOR
Ana,Rice,Cerceda,15,AnaRRice@dodgit.com,1123344R,TRABAJADOR
Danielle,Huggins,Izurtza,48,DanielleLHuggins@pookmail.com,359696593Q,TRABAJADOR
